index,book_id
0,2547
1,1420
2,20660824
3,1381
4,30075802
5,20821284
6,15824233
7,312376
8,15792899
9,389065
10,2696
11,6656
12,30119
13,117929
14,25410663
15,28159939
16,18003300
17,18486
18,18689968
19,30325231
20,29059581
21,20708560
22,42038
23,23434371
24,30227846
25,26596
26,406373
27,27494
28,779852
29,138371
30,240007
31,12914
32,23534
33,6767819
34,99713
35,50453
36,70885
37,7014474
38,26599
39,23513349
40,19351
41,9258089
42,13124956
43,29429866
44,5931
45,29431081
46,17675127
47,206472
48,34080
49,400412
50,79936
51,28818619
52,29996717
53,67939
54,18586895
55,23577568
56,29335538
57,8058187
58,695865
59,33004289
60,320601
61,388780
62,98471
63,18203289
64,11778691
65,105224
66,418201
67,18524260
68,515192
69,385672
70,10106758
71,9145925
72,12752885
73,18940912
74,1233859
75,13570789
76,97409
77,13630937
78,23635465
79,102331
80,162900
81,80417
82,563286
83,12202
84,14553840
85,1421
86,34081
87,21956665
88,11212280
89,17707772
90,13376363
91,23129884
92,25334576
93,253264
94,17926612
95,138134
96,179631
97,14706
98,111879
99,112200
100,25954951
101,67376
102,1580516
103,47730
104,1675065
105,19564
106,1160501
107,367802
108,32053
109,15997
110,1063434
111,50316
112,112204
113,6342695
114,13390249
115,44456
116,1371
117,12381
118,998064
119,15731279
120,65345
121,6655
122,269321
123,3421803
124,23183
125,60376
126,18261
127,12841067
128,18165617
129,150253
130,99944
131,71642
132,72912
133,72910
134,5932
135,65350
136,666993
137,95819
138,252779
139,16057536
140,11339
141,220063
142,86560
143,157985
144,1345111
145,16075147
146,30320055
147,21413663
148,8411631
149,379065
150,95844
151,135917
152,185076
153,424468
154,376277
155,203220
156,6468841
157,342391
158,270903
159,49461
160,404520
161,1864052
162,209829
163,159322
164,781419
165,1599258
166,175030
167,763426
168,23841432
169,150251
170,13123245
171,20821097
172,23522212
173,22002089
174,29084617
175,10521668
176,29280247
177,32055439
178,27039561
179,31700746
180,26158735
181,636423
182,96259
183,91571
184,18050043
185,24658528
186,82346
187,129636
188,6295
189,21936830
190,58098
191,780823
192,86923
193,45974
194,148041
195,765418
196,33219228
197,91233
198,118252
199,1519
200,12384
201,25458018
202,23476249
203,71652
204,30123571
205,782580
206,30118
207,119239
208,76889
209,32486900
210,6045449
211,26196204
212,488414
213,23333016
214,22439991
215,17163037
216,13105527
217,16257173
218,20483085
219,18288210
220,22493809
221,76552
222,16570
223,27822
224,128458
225,53159
226,157687
227,765428
228,45286
229,63116
230,2345765
231,118247
232,929332
233,19045493
234,269589
235,375182
236,320233
237,23919
238,138168
239,24893051
240,868211
241,8522640
242,1455807
243,152532
244,44053
245,13237099
246,139377
247,12924640
248,162904
249,648018
250,18465510
251,24945396
252,25490270
253,25082429
254,356529
255,304485
256,6322658
257,8396429
258,24403
259,11480960
260,48258
261,76547
262,392327
263,380192
264,11737010
265,1208944
266,1214055
267,6673000
268,10425463
269,20821239
270,197855
271,139781
272,20657
273,150252
274,8213666
275,42040
276,13588404
277,13166696
278,676
279,101453
280,768496
281,536387
282,7428663
283,118285
284,95874
285,732562
286,178965
287,22992
288,18249429
289,8175374
290,304957
291,5936
292,28665185
293,2236114
294,239788
295,18045640
296,139786
297,404041
298,6600993
299,23433874
300,959648
301,34530050
302,16059376
303,25690425
304,626685
305,220062
306,34451544
307,168496
308,24621631
309,34594982
310,23705600
311,8431208
312,32022147
313,24657844
314,12040477
315,2325390
316,150222
317,6747271
318,60322
319,32932532
320,717930
321,28672738
322,29934
323,320600
324,508192
325,134025
326,19230408
327,141152
328,73445
329,175033
330,17465127
331,12983529
332,18144035
333,24137295
334,86749
335,34023590
336,17158995
337,22295730
338,25258251
339,112139
340,17707754
341,32065041
342,572762
343,463475
344,405082
345,75495
346,6549
347,17448302
348,19178
349,385028
350,285151
351,28644638
352,519494
353,13530012
354,254039
355,30423283
356,18754830
357,752825
358,25158084
359,556895
360,26889441
361,25897953
362,17194983
363,128136
364,8496
365,574901
366,9371035
367,25115796
368,17072298
369,7920492
370,428945
371,404928
372,23129928
373,206633
374,25801440
375,13061195
376,112110
377,30115970
378,131670
379,18070767
380,203221
381,25464039
382,467164
383,1337117
384,18295863
385,2871746
386,111593
387,35991559
388,127071
389,13592242
390,24601
391,691014
392,5639819
393,112142
394,315214
395,22789293
396,18406120
397,26196479
398,765252
399,29499443
400,752622
401,782095
402,6041223
403,35108792
404,6324818
405,33015
406,430400
407,21856215
408,5945504
409,20607655
410,33984037
411,210506
412,573346
413,13508406
414,139780
415,330135
416,53492
417,1643491
418,44458
419,128146
420,563782
421,1470
422,32280505
423,428858
424,372655
425,13793390
426,13335441
427,11409124
428,30849348
429,16803
430,6254746
431,15812153
432,112136
433,12909209
434,10967391
435,15798111
436,33806286
437,1724365
438,146208
439,392406
440,17720
441,19061910
442,27877703
443,611542
444,148191
445,463000
446,195769
447,140036
448,24400
449,25664566
450,21327039
451,236777
452,16197019
453,8510752
454,142080
455,44871
456,17228236
457,23912
458,17265206
459,341089
460,14758733
461,22668612
462,250801
463,57632
464,793918
465,22204746
466,108119
467,18526
468,13330670
469,222383
470,822115
471,203918
472,12429335
473,296866
474,13421363
475,235846
476,3401950
477,15752349
478,181946
479,23926
480,403517
481,1556022
482,752936
483,25877517
484,3730956
485,6121819
486,15797355
487,13166604
488,24874363
489,21893566
490,32186794
491,131946
492,13236868
493,274893
494,18333118
495,320598
496,19352680
497,6422604
498,15762561
499,36270857
500,19545687
501,509436
502,175626
503,150236
504,1294049
505,24689119
506,16802
507,24945127
508,24874369
509,25494504
510,268423
511,7567023
512,2262521
513,380188
514,36203806
515,271713
516,19045757
517,15701634
518,26031215
519,18166919
520,713690
521,29773753
522,13707574
523,9904
524,20613761
525,393636
526,596810
527,10858542
528,12568
529,57903
530,138643
531,29102892
532,3666871
533,123902
534,53498
535,589608
536,203170
537,368564
538,821003
539,867406
540,20413
541,17243953
542,5742023
543,9894268
544,558663
545,53022
546,138164
547,129898
548,134017
549,42051
550,171547
551,321538
552,428557
553,32552
554,175251
555,355870
556,45287
557,8747308
558,752800
559,5289
560,16604
561,145325
562,151809
563,143505
564,43939
565,32057973
566,15698376
567,21894918
568,18935740
569,23547425
570,22701890
571,239229
572,17803058
573,405369
574,12417118
575,27225178
576,151719
577,29245824
578,618164
579,21863827
580,17697192
581,25700017
582,25144676
583,17829704
584,33515558
585,141453
586,33288512
587,765427
588,22855469
589,18620881
590,17831095
591,22714811
592,28009802
593,18193678
594,10369594
595,23780641
596,2470643
597,7961474
598,30353202
599,10698523
600,23047624
601,18757195
602,18387116
603,31804602
604,33166902
605,30966688
606,20262977
607,23311519
608,1589254
609,313277
610,31443393
611,35606560
612,33357374
613,27848776
614,25864029
615,6336453
616,402128
617,13526139
618,5279026
619,338812
620,269322
621,102908
622,313972
623,770388
624,694807
625,20418519
626,47163
627,23247810
628,23129933
629,482215
630,132314
631,449173
632,27832
633,150221
634,6782699
635,42213
636,869348
637,1200763
638,19173
639,141993
640,688701
641,168529
642,237704
643,53111
644,375277
645,2376086
646,63117
647,3699607
648,213011
649,256324
650,763508
651,18624155
652,132873
653,341340
654,1846153
655,439008
656,2766597
657,7062932
658,1715
659,294400
660,337182
661,27418
662,463877
663,6013438
664,118389
665,6711397
666,1015167
667,17646
668,94578
669,1155358
670,13231141
671,1026806
672,111750
673,138372
674,381112
675,1432
676,820905
677,119079
678,87048
679,178911
680,1609023
681,211151
682,10189945
683,395090
684,292
685,947771
686,197698
687,46199
688,80410
689,652273
690,286739
691,759706
692,647573
693,42632
694,764330
695,724371
696,20613826
697,151721
698,380896
699,15848631
700,49339
701,9455930
702,139783
703,6469107
704,18281911
705,543418
706,17819483
707,14468086
708,189048
709,29503335
710,1391333
711,299636
712,1037864
713,2625849
714,420278
715,289818
716,18203288
717,8789052
718,26059183
719,20949619
720,13570508
721,63113
722,26114310
723,355148
724,9639765
725,49457
726,26114416
727,745350
728,201711
729,13556327
730,24983131
731,6561481
732,50466
733,9670742
734,10747530
735,132025
736,18085335
737,21901726
738,6130588
739,47733
740,11415730
741,10203
742,13098807
743,130405
744,1494
745,75586
746,36310
747,522128
748,39692
749,16006671
750,1182095
751,1100549
752,6392297
753,61204
754,3775
755,7955660
756,186757
757,20702577
758,3280203
759,807644
760,5998324
761,461571
762,3280210
763,6640177
764,25352630
765,20651418
766,159087
767,802047
768,50486
769,268005
770,11053338
771,13517285
772,958900
773,703599
774,2246677
775,1374
776,574397
777,6950690
778,109997
779,6033493
780,1505484
781,23333017
782,13220873
783,138163
784,240095
785,6005963
786,137110
787,405981
788,148154
789,400018
790,9441464
791,10496292
792,3120276
793,536058
794,20321919
795,12919996
796,20447657
797,1277102
798,13596804
799,398426
800,75189
801,23913
802,26626806
803,22892956
804,13605539
805,23346611
806,17352796
807,19171176
808,5634289
809,23387628
810,19318140
811,1515019
812,30354567
813,623185
814,15810681
815,30962870
816,8145113
817,30300813
818,27154273
819,21359110
820,24982678
821,26189176
822,23006193
823,30288067
824,692607
825,936208
826,25124491
827,23482811
828,20763601
829,18554592
830,25451433
831,20411766
832,17572847
833,36056758
834,6218380
835,11128371
836,15816661
837,150238
838,131033
839,53109
840,585052
841,75504
842,260683
843,11701
844,128461
845,61049
846,28503713
847,26261510
848,6266128
849,15714901
850,13623923
851,275274
852,6100917
853,515188
854,1191781
855,20827392
856,5279894
857,29074606
858,162333
859,2078076
860,526972
861,10137691
862,26889783
863,7757929
864,16005
865,5974575
866,395099
867,361279
868,25322085
869,9905592
870,4083007
871,32649
872,6090678
873,5985259
874,20702539
875,117336
876,8717024
877,34083
878,263258
879,764801
880,26603
881,8919080
882,17262122
883,4243984
884,4345523
885,91001
886,269677
887,8462385
888,236183
889,126980
890,405329
891,125219
892,385279
893,186493
894,704933
895,200567
896,6693346
897,62219
898,25043026
899,385112
900,6798263
901,303525
902,807742
903,160749
904,464926
905,6580847
906,752756
907,3775266
908,139376
909,518704
910,8055677
911,99437
912,22571682
913,415821
914,7455174
915,355167
916,95044
917,419167
918,22994
919,16280465
920,13166697
921,6387626
922,563638
923,797885
924,15811616
925,3348584
926,669593
927,586475
928,342393
929,902792
930,2352846
931,10646081
932,744105
933,172847
934,9930356
935,7506039
936,9851811
937,278316
938,879989
939,25986827
940,7928877
941,6716831
942,7232384
943,14930801
944,13423864
945,18304396
946,34082
947,10636878
948,327775
949,7042263
950,22253716
951,16292474
952,3128710
953,6738795
954,18522
955,40790
956,18318005
957,18046151
958,17333426
959,108175
960,144870
961,9457848
962,122094
963,9796853
964,702855
965,19290
966,673650
967,16192212
968,1530799
969,133907
970,35125118
971,29936
972,15804709
973,139785
974,203181
975,11043
976,7745585
977,12962487
978,385120
979,10955086
980,352284
981,22151696
982,17166008
983,74001
984,9992486
985,131036
986,364141
987,13366931
988,72911
989,725805
990,276692
991,13159178
992,14820809
993,700480
994,18263725
995,138172
996,49473
997,200758
998,15852765
999,245162
1000,294399
1001,39102
1002,356527
1003,46292
1004,545252
1005,853924
1006,823699
1007,31580
1008,2183600
1009,32894545
1010,12521887
1011,17262248
1012,280256
1013,2712429
1014,24874344
1015,97553
1016,47180
1017,17465683
1018,1580749
1019,10656992
1020,5657251
1021,19349513
1022,899115
1023,7958806
1024,93933
1025,294395
1026,13368928
1027,764332
1028,32990166
1029,24751761
1030,15924966
1031,27219698
1032,16700063
1033,2442582
1034,6929661
1035,25330489
1036,8596799
1037,1060351
1038,22618173
1039,23472128
1040,10910426
1041,7616853
1042,980426
1043,18585282
1044,16136805
1045,6747970
1046,385119
1047,11081687
1048,304959
1049,9795479
1050,1198415
1051,128457
1052,25572095
1053,16148707
1054,2281036
1055,6427884
1056,385236
1057,97528
1058,951480
1059,460634
1060,128398
1061,519112
1062,6719853
1063,1463
1064,536386
1065,18869234
1066,1554721
1067,25915454
1068,16644052
1069,17306783
1070,12574643
1071,8744427
1072,725418
1073,5965913
1074,223397
1075,147021
1076,33667125
1077,29633854
1078,32720792
1079,47164
1080,47168
1081,3548480
1082,55427
1083,17384369
1084,16192204
1085,32920231
1086,1021548
1087,46231
1088,58362
1089,8901945
1090,15818453
1091,20605349
1092,75506
1093,17183181
1094,38154
1095,7436455
1096,563820
1097,13503891
1098,18484348
1099,6748612
1100,320516
1101,345689
1102,148832
1103,23211520
1104,7042454
1105,23566596
1106,15800883
1107,10921
1108,16928
1109,22017487
1110,60316
1111,50456
1112,26828988
1113,17788340
1114,1756342
1115,332226
1116,127684
1117,22554
1118,21395882
1119,16067168
1120,7493149
1121,16040073
1122,25384844
1123,32484
1124,839520
1125,7960968
1126,776220
1127,175515
1128,27417
1129,1120879
1130,1654487
1131,71855
1132,7714245
1133,89220
1134,195725
1135,27836766
1136,28015108
1137,409965
1138,85806
1139,27871240
1140,25779031
1141,21792841
1142,18159867
1143,44450
1144,32682867
1145,20696439
1146,559473
1147,31128467
1148,21873689
1149,139788
1150,29872928
1151,78503
1152,15651
1153,25176023
1154,82357
1155,29599121
1156,24471629
1157,28482146
1158,3198358
1159,9967670
1160,189036
1161,204903
1162,24920551
1163,2574861
1164,752713
1165,7995245
1166,10432958
1167,138167
1168,32514
1169,2562399
1170,148295
1171,11447410
1172,4350945
1173,1351048
1174,810481
1175,882631
1176,236185
1177,32070
1178,10887069
1179,194561
1180,4442331
1181,2725890
1182,1615256
1183,6270484
1184,312421
1185,4148275
1186,233264
1187,24874329
1188,66414
1189,24874353
1190,337176
1191,159146
1192,752629
1193,197132
1194,6961318
1195,32814
1196,329519
1197,24874352
1198,18872843
1199,67522
1200,128453
1201,120724
1202,792712
1203,10339809
1204,68845
1205,39105
1206,1467
1207,239236
1208,1258536
1209,57628
1210,22882522
1211,9768204
1212,18260295
1213,50480
1214,29395568
1215,15848780
1216,30312512
1217,1214540
1218,51881
1219,21570367
1220,76546
1221,92497
1222,9490
1223,1229884
1224,18300362
1225,16099190
1226,18114690
1227,17072589
1228,33506923
1229,3554681
1230,14361553
1231,18147627
1232,325115
1233,884067
1234,352003
1235,1406608
1236,6698250
1237,7964060
1238,22472859
1239,32558
1240,891729
1241,10843755
1242,138165
1243,19756366
1244,17789725
1245,25841655
1246,12680881
1247,14058995
1248,12960280
1249,24769928
1250,18624794
1251,7469036
1252,6352248
1253,20219
1254,620712
1255,9841743
1256,16211539
1257,18051460
1258,25814007
1259,25850503
1260,7011507
1261,25781887
1262,6853148
1263,12673735
1264,361015
1265,11204059
1266,8356236
1267,16180680
1268,15834621
1269,15826563
1270,2268592
1271,39690
1272,22366412
1273,23630890
1274,17284669
1275,433858
1276,22411628
1277,17264077
1278,18621496
1279,16041018
1280,18636916
1281,868668
1282,16166468
1283,6392244
1284,1009078
1285,16199464
1286,25055716
1287,117310
1288,17374318
1289,29376835
1290,595659
1291,111044
1292,10189960
1293,34209456
1294,4216656
1295,10097680
1296,11872561
1297,8598142
1298,13418133
1299,39773
1300,2089060
1301,2208200
1302,12909244
1303,2989432
1304,27225434
1305,655782
1306,3474056
1307,17987673
1308,1334617
1309,154443
1310,16691897
1311,34055
1312,5872480
1313,1446652
1314,9605240
1315,20322007
1316,13649227
1317,24942140
1318,67377
1319,30840198
1320,6455756
1321,11535502
1322,3983245
1323,8213685
1324,13647769
1325,48986
1326,437517
1327,150308
1328,32964
1329,2799591
1330,251393
1331,5585994
1332,244885
1333,131672
1334,1302034
1335,394695
1336,17739455
1337,967411
1338,13324889
1339,2349153
1340,317019
1341,1070056
1342,17347726
1343,146429
1344,875623
1345,1355677
1346,1189111
1347,32468495
1348,935013
1349,153360
1350,14707
1351,14705
1352,255452
1353,291
1354,222035
1355,7091797
1356,7119203
1357,4621514
1358,194024
1359,3381005
1360,681995
1361,385196
1362,427569
1363,206511
1364,386270
1365,1045492
1366,17851829
1367,32337403
1368,6999049
1369,236537
1370,1247393
1371,65341
1372,17934603
1373,1739549
1374,6329037
1375,207276
1376,13558836
1377,647866
1378,6934283
1379,6047855
1380,3566592
1381,12143
1382,92258
1383,211514
1384,10005646
1385,8329844
1386,2963950
1387,351904
1388,12916
1389,215685
1390,1100545
1391,305154
1392,800163
1393,10745299
1394,7094453
1395,7960189
1396,150341
1397,3998688
1398,251121
1399,6014497
1400,315992
1401,146548
1402,6315642
1403,626693
1404,10402740
1405,1123219
1406,171097
1407,7016278
1408,38153
1409,1152996
1410,3050
1411,162485
1412,41495
1413,762734
1414,206547
1415,22002138
1416,6639509
1417,128956
1418,1637820
1419,9862204
1420,16057127
1421,135913
1422,13593239
1423,7507214
1424,565323
1425,13076893
1426,6454595
1427,2091729
1428,3768
1429,2135214
1430,297589
1431,80994
1432,11175934
1433,219019
1434,392328
1435,835803
1436,4893531
1437,53031
1438,125210
1439,7920493
1440,10328114
1441,6662393
1442,1297872
1443,6344588
1444,8087895
1445,1703611
1446,8329847
1447,472443
1448,250408
1449,7702350
1450,19155
1451,13502239
1452,150324
1453,9987466
1454,9994817
1455,5989
1456,6192573
1457,23848148
1458,10090630
1459,27823
1460,1382
1461,8423074
1462,7895531
1463,7041523
1464,6514189
1465,99275
1466,409219
1467,1373
1468,16155189
1469,342038
1470,1474997
1471,154380
1472,559493
1473,10205
1474,757375
1475,1783512
1476,209828
1477,1794028
1478,10326288
1479,50482
1480,320512
1481,500613
1482,9740798
1483,2029835
1484,3621509
1485,423755
1486,1764814
1487,399920
1488,8517930
1489,20300509
1490,640221
1491,10269723
1492,1804247
1493,1114089
1494,150226
1495,1662881
1496,50469
1497,2468675
1498,10206
1499,2236805
1500,275506
1501,7929177
1502,280470
1503,6473543
1504,925765
1505,32810
1506,1055281
1507,1143722
1508,561731
1509,209835
1510,1592075
1511,2930911
1512,8822290
1513,65291
1514,342068
1515,27245634
1516,201217
1517,2536104
1518,8869363
1519,6939373
1520,203180
1521,11532312
1522,8036442
1523,3217807
1524,7999433
1525,700510
1526,112973
1527,23613
1528,90664
1529,92208
1530,143988
1531,9755631
1532,45036
1533,385216
1534,16115639
1535,203206
1536,72441
1537,7042934
1538,11292480
1539,21561039
1540,9412141
1541,6124872
1542,62027
1543,406359
1544,20175409
1545,7623958
1546,12039460
1547,634432
1548,2988487
1549,13415572
1550,6266689
1551,357581
1552,25946457
1553,1165103
1554,24357321
1555,15712878
1556,665267
1557,12844160
1558,49458
1559,8141443
1560,12510877
1561,385111
1562,27422
1563,147931
1564,1615164
1565,685656
1566,6672996
1567,15758643
1568,125447
1569,3433301
1570,13604108
1571,1425317
1572,18723426
1573,4498962
1574,8317890
1575,12378245
1576,17937655
1577,22002134
1578,18406193
1579,485717
1580,16052915
1581,1653853
1582,821277
1583,17346780
1584,78458
1585,12085850
1586,404566
1587,1540978
1588,6364068
1589,18808921
1590,40795
1591,2225717
1592,87311
1593,17332350
1594,716946
1595,6680069
1596,106392
1597,41468
1598,17283532
1599,1602620
1600,1622170
1601,18309679
1602,28155931
1603,13598539
1604,83004
1605,86891
1606,5721208
1607,786699
1608,632901
1609,16605
1610,16566506
1611,539477
1612,971700
1613,116503
1614,790525
1615,6897011
1616,9498
1617,25241872
1618,34518216
1619,11904233
1620,24808651
1621,632463
1622,17729612
1623,13447281
1624,20665183
1625,32522
1626,403506
1627,1049694
1628,229572
1629,6990156
1630,654464
1631,142238
1632,23529466
1633,16157935
1634,34146688
1635,868591
1636,16157936
1637,6619334
1638,31944953
1639,16157123
1640,9465016
1641,1243677
1642,1041355
1643,32022188
1644,25861010
1645,9913131
1646,17219583
1647,15804706
1648,404890
1649,28818794
1650,2155662
1651,13555224
1652,16057339
1653,21532793
1654,23250284
1655,20663737
1656,16059644
1657,17405224
1658,15792901
1659,20575422
1660,32334098
1661,31692511
1662,25239055
1663,27880343
1664,25318395
1665,387811
1666,89149
1667,24517
1668,29986324
1669,35090013
1670,203310
1671,13591798
1672,17181915
1673,1100491
1674,23526332
1675,6619539
1676,32064155
1677,6422978
1678,2314273
1679,32566407
1680,34593113
1681,144896
1682,473557
1683,25867752
1684,16057080
1685,28428323
1686,15812157
1687,128836
1688,25993185
1689,25142733
1690,13211
1691,23627418
1692,17343397
1693,13591873
1694,32485744
1695,11212281
1696,531514
1697,21927701
1698,35704999
1699,31217900
1700,34092048
1701,1006672
1702,20971423
1703,765353
1704,25746714
1705,246056
1706,9870010
1707,21561020
1708,3240545
1709,35921170
1710,7700731
1711,20109273
1712,17279983
1713,1171252
1714,201129
1715,30039046
1716,20763584
1717,32619522
1718,6821361
1719,6450884
1720,26205313
1721,7041181
1722,454538
1723,30245389
1724,13497896
1725,26121708
1726,23418602
1727,25466323
1728,100793
1729,7687372
1730,22653495
1731,341992
1732,993792
1733,112111
1734,368736
1735,17847849
1736,13188614
1737,20789464
1738,21808019
1739,240258
1740,16171274
1741,1079359
1742,17343764
1743,16284339
1744,2569588
1745,358513
1746,5971680
1747,12048225
1748,31411
1749,17884115
1750,25304410
1751,318678
1752,50479
1753,405070
1754,29348314
1755,12680575
1756,12912
1757,33186
1758,35663570
1759,12352685
1760,25986808
1761,25009089
1762,33950809
1763,25893599
1764,29474
1765,112138
1766,150269
1767,25886768
1768,18338416
1769,24087074
1770,31296526
1771,23678552
1772,31192357
1773,25264909
1774,409966
1775,28455405
1776,28932354
1777,25004284
1778,23887164
1779,33634407
1780,15003694
1781,3425041
1782,30374054
1783,31373709
1784,30087886
1785,31931641
1786,30718287
1787,25240073
1788,34440082
1789,28367423
1790,23466041
1791,29435601
1792,394424
1793,28399149
1794,20786868
1795,24711500
1796,16113245
1797,16466460
1798,34467890
1799,26001310
1800,20759123
1801,18445037
1802,22754134
1803,31697135
1804,31665628
1805,18282993
1806,17687503
1807,30735230
1808,25170708
1809,24351894
1810,26080730
1811,22608141
1812,18745337
1813,22450933
1814,22365388
1815,16158578
1816,22690586
1817,17372359
1818,32965321
1819,27824036
1820,20827470
1821,26113689
1822,23433203
1823,25910659
1824,22599734
1825,35550217
1826,29502141
1827,25512218
1828,5977679
1829,17795694
1830,33905090
1831,29065952
1832,18810433
1833,18857589
1834,24765707
1835,33117798
1836,24178722
1837,24796225
1838,27790688
1839,21535633
1840,22729654
1841,13477592
1842,29796466
1843,22567158
1844,21522755
1845,28456279
1846,25451771
1847,17347722
1848,23342530
1849,18795971
1850,21419559
1851,35661045
1852,23000512
1853,28588033
1854,17616784
1855,19083451
1856,25878898
1857,31259568
1858,28789479
1859,23210715
1860,35783117
1861,18197822
1862,22581714
1863,34437038
1864,18338504
1865,22609030
1866,17797845
1867,26822253
1868,18364405
1869,17929092
1870,23493883
1871,17336836
1872,25404442
1873,30264577
1874,29595908
1875,17374300
1876,18377200
1877,24530966
1878,22662798
1879,18627434
1880,23154822
1881,15848756
1882,16234590
1883,15817819
1884,24945175
1885,22931399
1886,18669895
1887,26653381
1888,16059653
1889,23189221
1890,25132553
1891,25810699
1892,19046649
1893,23497000
1894,23488607
1895,24242738
1896,25142427
1897,32180982
1898,35126185
1899,25110743
1900,21440668
1901,21480987
1902,32855529
1903,21864469
1904,18406387
1905,18192177
1906,29966140
1907,25723307
1908,10818096
1909,22340106
1910,22009506
1911,31330788
1912,24968246
1913,17853697
1914,48987
1915,13575032
1916,12988752
1917,12675105
1918,6923043
1919,9828871
1920,141628
1921,75864
1922,197315
1923,73905
1924,12730807
1925,23920
1926,23605007
1927,295149
1928,27134570
1929,121469
1930,454742
1931,17337085
1932,209831
1933,24605
1934,306150
1935,30759223
1936,6287286
1937,648052
1938,1306322
1939,660664
1940,13606334
1941,1376
1942,18222724
1943,529976
1944,1193492
1945,30745461
1946,240260
1947,10047922
1948,13203
1949,28871313
1950,31373735
1951,6616989
1952,419865
1953,22603259
1954,23012853
1955,33837404
1956,2690593
1957,25893597
1958,92270
1959,235719
1960,5945516
1961,17159513
1962,18803654
1963,23492745
1964,15873076
1965,6290235
1966,17221882
1967,29910461
1968,764257
1969,1366132
1970,18002361
1971,9719801
1972,531580
1973,18049715
1974,175980
1975,2253778
1976,101479
1977,14704
1978,150347
1979,52820
1980,6540706
1981,6249461
1982,534045
1983,5072912
1984,6619527
1985,18079805
1986,8433219
1987,672602
1988,18267582
1989,593786
1990,689255
1991,95870
1992,271456
1993,17660096
1994,1407583
1995,301676
1996,4826307
1997,1575531
1998,1534830
1999,175621
2000,474392
2001,1296353
2002,6006335
2003,389661
2004,193616
2005,828465
2006,423762
2007,7340791
2008,211586
2009,1882718
2010,424316
2011,694535
2012,484
2013,37773
2014,1277199
2015,807765
2016,284887
2017,8323625
2018,6759595
2019,3294996
2020,96052
2021,39763
2022,18369456
2023,17259794
2024,425490
2025,6915887
2026,8297844
2027,6335957
2028,23281870
2029,77457
2030,12884814
2031,34381318
2032,9800541
2033,332100
2034,6408193
2035,18681307
2036,24404
2037,33375618
2038,25998663
2039,199787
2040,1222263
2041,3339338
2042,18170217
2043,20888432
2044,2844471
2045,427706
2046,13594577
2047,31944749
2048,3485185
2049,24945345
2050,4162562
2051,74104
2052,139374
2053,18282897
2054,3346253
2055,44540
2056,381039
2057,13591832
2058,23163631
2059,9507278
2060,1286848
2061,30530977
2062,858522
2063,99375
2064,2884170
2065,12907847
2066,8423931
2067,17316750
2068,18369195
2069,3387595
2070,20708745
2071,2137373
2072,636231
2073,30842377
2074,8310335
2075,6419280
2076,22053815
2077,625140
2078,734749
2079,435010
2080,24809991
2081,644158
2082,464849
2083,248193
2084,780534
2085,18906488
2086,6660901
2087,286806
2088,1283683
2089,2022910
2090,2764176
2091,6500650
2092,618944
2093,20881436
2094,24917965
2095,17937656
2096,8338974
2097,7970804
2098,17219542
2099,23375673
2100,25507898
2101,320515
2102,30104969
2103,23660773
2104,29363266
2105,13228207
2106,491156
2107,11055140
2108,3960608
2109,17406596
2110,23242462
2111,411227
2112,8438036
2113,258352
2114,865350
2115,817993
2116,50472
2117,220686
2118,27420
2119,1689292
2120,23282006
2121,114238
2122,65297
2123,290
2124,460199
2125,175253
2126,15792077
2127,32810456
2128,954450
2129,18278266
2130,12389184
2131,12742577
2132,30847438
2133,17455916
2134,15831785
2135,23873444
2136,6305291
2137,26259335
2138,20565696
2139,538842
2140,166004
2141,408832
2142,18336230
2143,28571865
2144,24846539
2145,30892989
2146,8303201
2147,262304
2148,90796
2149,236187
2150,12379467
2151,1880307
2152,25986828
2153,546254
2154,206527
2155,25109487
2156,1552464
2157,25785298
2158,24145173
2159,17268281
2160,2509339
2161,17349137
2162,29357293
2163,20703097
2164,18047980
2165,31122069
2166,29433369
2167,50683
2168,17287058
2169,30968235
2170,833091
2171,7635212
2172,24892461
2173,29613633
2174,29491487
2175,29213011
2176,122717
2177,24874450
2178,9683863
2179,6515163
2180,2425465
2181,27827
2182,7724205
2183,10056663
2184,8104728
2185,12818984
2186,11353674
2187,25305121
2188,24874359
2189,19199
2190,25566111
2191,6235348
2192,11058727
2193,5981043
2194,29425278
2195,22752745
2196,7725615
2197,26804249
2198,6308164
2199,13374897
2200,17574832
2201,17204884
2202,17201062
2203,682355
2204,17374292
2205,26186794
2206,29845606
2207,13592056
2208,508702
2209,410662
2210,24673836
2211,15814501
2212,18331009
2213,23213841
2214,130402
2215,9814338
2216,24821743
2217,17171535
2218,22921105
2219,15798436
2220,150339
2221,10083157
2222,17470377
2223,9127008
2224,28822274
2225,12269561
2226,25332008
2227,13337
2228,1430767
2229,67397
2230,8036448
2231,8176569
2232,698094
2233,207546
2234,25665264
2235,894870
2236,6280481
2237,28645638
2238,428265
2239,25838967
2240,203922
2241,1175414
2242,28171168
2243,18666472
2244,25054228
2245,25005662
2246,25906961
2247,404891
2248,2148234
2249,24849837
2250,26177768
2251,26186432
2252,17861349
2253,22852352
2254,26867235
2255,23624784
2256,29546461
2257,29418026
2258,268426
2259,26059425
2260,13324301
2261,1755629
2262,16104640
2263,1673805
2264,27238310
2265,9021398
2266,3423003
2267,13099965
2268,25448131
2269,19107118
2270,25651405
2271,23492641
2272,7131023
2273,28162772
2274,18803054
2275,26596767
2276,441024
2277,13545425
2278,16192206
2279,25330368
2280,24912478
2281,27843249
2282,23478578
2283,17569045
2284,20602986
2285,10425250
2286,4703
2287,21998412
2288,30739720
2289,26114444
2290,6348382
2291,27214172
2292,23350012
2293,20908148
2294,25936240
2295,558665
2296,23626788
2297,29922214
2298,22729673
2299,26770170
2300,354935
2301,27158845
2302,24945147
2303,16153306
2304,23574171
2305,25364499
2306,30283501
2307,19045487
2308,29517326
2309,2878019
2310,18248713
2311,460853
2312,201222
2313,25407311
2314,6296263
2315,24917012
2316,28495754
2317,21676598
2318,23359384
2319,31748042
2320,18623855
2321,22873968
2322,187227
2323,5635
2324,11053838
2325,1405
2326,47160
2327,112156
2328,752712
2329,40969
2330,1730
2331,16807
2332,17262298
2333,13396
2334,6340
2335,821455
2336,22753656
2337,17878767
2338,10250238
2339,22517886
2340,23006031
2341,18243789
2342,18776675
2343,18601359
2344,21896434
2345,342067
2346,30822615
2347,17973345
2348,393923
2349,35489040
2350,2578163
2351,7674474
2352,6384340
2353,10480725
2354,6381969
2355,581809
2356,5199274
2357,6533557
2358,18528280
2359,5823029
2360,13630903
2361,9837625
2362,17726051
2363,2355014
2364,15747634
2365,5919825
2366,155401
2367,1433
2368,3883458
2369,1713
2370,32555
2371,586474
2372,28818688
2373,13594641
2374,4904713
2375,29640465
2376,13628363
2377,23509822
2378,24501994
2379,28460536
2380,16031911
2381,17166676
2382,16249566
2383,15828846
2384,13497366
2385,13592222
2386,13508588
2387,7139149
2388,7487230
2389,18142723
2390,348378
2391,29767028
2392,16247575
2393,3621608
2394,11162453
2395,15775042
2396,18406279
2397,18459455
2398,743913
2399,1188511
2400,7049261
2401,784027
2402,21844630
2403,25135369
2404,30535
2405,2642195
2406,234886
2407,25774975
2408,13625979
2409,19302265
2410,24919844
2411,22156991
2412,1087794
2413,7444767
2414,27774437
2415,518691
2416,7273857
2417,794246
2418,18056467
2419,4543007
2420,36180011
2421,552049
2422,8146988
2423,3780035
2424,33910850
2425,24097400
2426,1093245
2427,973485
2428,17804942
2429,18006825
2430,16293163
2431,8501534
2432,7940354
2433,28818805
2434,16123926
2435,10128394
2436,841102
2437,13646907
2438,17155772
2439,14624416
2440,239230
2441,17847090
2442,23365853
2443,17380059
2444,2237666
2445,2314901
2446,8175398
2447,17226418
2448,7543019
2449,26112643
2450,15958676
2451,16293165
2452,6276775
2453,7846923
2454,131030
2455,586012
2456,440924
2457,481516
2458,25366223
2459,17345189
2460,22002088
2461,25771168
2462,25064827
2463,27181295
2464,15816687
2465,6671287
2466,292059
2467,4698
2468,563287
2469,16057542
2470,16006617
2471,23529997
2472,7624994
2473,29570479
2474,258387
2475,22543942
2476,16059647
2477,23658245
2478,64891
2479,10155392
2480,6139102
2481,290522
2482,239235
2483,26095364
2484,17349032
2485,217970
2486,7292419
2487,23303427
2488,17805212
2489,26199802
2490,501576
2491,7058943
2492,17465609
2493,29570442
2494,8763096
2495,1561466
2496,15745692
2497,6401762
2498,30655942
2499,18767220
2500,1296288
2501,17934511
2502,9941367
2503,404532
2504,25549092
2505,96067
2506,6421376
2507,1239200
2508,10307146
2509,18406242
2510,25524079
2511,13562651
2512,1364705
2513,6718034
2514,1541561
2515,227306
2516,23529805
2517,1840718
2518,11115582
2519,5090367
2520,496443
2521,622906
2522,10955061
2523,6899099
2524,24925181
2525,13548792
2526,394867
2527,26590830
2528,1055873
2529,22891735
2530,18330270
2531,525115
2532,17675212
2533,13748222
2534,16055445
2535,9708234
2536,10796910
2537,669434
2538,11852653
2539,1275453
2540,6282781
2541,10997557
2542,22772399
2543,7083492
2544,671933
2545,408703
2546,418054
2547,1010391
2548,475080
2549,553832
2550,1703791
2551,13500979
2552,540576
2553,1271413
2554,26047695
2555,18090332
2556,333096
2557,265568
2558,35490868
2559,63892
2560,235730
2561,7030700
2562,17280145
2563,458120
2564,24406
2565,25893609
2566,17334205
2567,11150649
2568,11179354
2569,25928164
2570,3385152
2571,326552
2572,728862
2573,25931921
2574,945817
2575,931569
2576,6192911
2577,25168753
2578,24874339
2579,807713
2580,74105
2581,20233353
2582,24874364
2583,25296114
2584,21219304
2585,443769
2586,5501213
2587,1157091
2588,1384
2589,12825846
2590,13565888
2591,17655804
2592,215899
2593,17449471
2594,3331453
2595,526075
2596,16123301
2597,6333916
2598,6298
2599,22025587
2600,23006281
2601,22929729
2602,25670480
2603,30760832
2604,25159649
2605,34376890
2606,34140302
2607,23129858
2608,25100138
2609,13609187
2610,34504532
2611,20898714
2612,23167160
2613,20889229
2614,22814011
2615,17947521
2616,24957214
2617,27409580
2618,28667880
2619,35214009
2620,18879056
2621,25420487
2622,28923921
2623,25449957
2624,24863734
2625,18372131
2626,32025374
2627,27804908
2628,24804101
2629,22880214
2630,33403070
2631,22464233
2632,13452060
2633,15786832
2634,17687969
2635,33955643
2636,5232173
2637,36153320
2638,32182208
2639,21944535
2640,32184634
2641,26099198
2642,26502495
2643,27484648
2644,32148213
2645,20783442
2646,21972578
2647,17558751
2648,18212422
2649,28004889
2650,20880584
2651,25276818
2652,27390587
2653,33098315
2654,13415519
2655,20412413
2656,26808598
2657,22436782
2658,36286613
2659,33138050
2660,23453211
2661,22040744
2662,31197776
2663,26091440
2664,23006537
2665,18231519
2666,30228086
2667,20981044
2668,32307768
2669,26205229
2670,25941070
2671,578288
2672,382075
2673,311639
2674,28533314
2675,32501551
2676,29533197
2677,33631747
2678,1372
2679,235721
2680,6300
2681,8775057
2682,1006682
2683,119226
2684,197051
2685,60287
2686,52860
2687,333706
2688,617495
2689,450796
2690,18805616
2691,6944899
2692,15821841
2693,29873311
2694,27037155
2695,23281997
2696,108114
2697,3612415
2698,12908947
2699,28164406
2700,12317086
2701,44830
2702,211530
2703,35142370
2704,250810
2705,715127
2706,17925150
2707,845352
2708,17287056
2709,1183392
2710,933481
2711,765370
2712,150027
2713,2717390
2714,630593
2715,6011840
2716,64277
2717,388239
2718,1019742
2719,6192910
2720,3337839
2721,159973
2722,816830
2723,6782333
2724,19171
2725,1700591
2726,100463
2727,13512066
2728,17367511
2729,974563
2730,143483
2731,509673
2732,462021
2733,2702
2734,13625346
2735,6621160
2736,16014
2737,6316848
2738,8529291
2739,15817048
2740,76928
2741,23000393
2742,152531
2743,23385833
2744,23154932
2745,11178480
2746,18405178
2747,13592223
2748,24018642
2749,22717434
2750,13578497
2751,21931107
2752,297441
2753,11745239
2754,20611943
2755,23213170
2756,510831
2757,20861038
2758,17028227
2759,21038945
2760,12964528
2761,22823177
2762,21528952
2763,118391
2764,1892251
2765,6971557
2766,17738638
2767,370522
2768,558664
2769,27283149
2770,961025
2771,6739737
2772,747252
2773,818420
2774,4932117
2775,2999071
2776,2804149
2777,11707
2778,5196927
2779,16721442
2780,7543947
2781,625216
2782,52932
2783,16103027
2784,16100779
2785,15849830
2786,112137
2787,2340556
2788,22221
2789,704880
2790,32182062
2791,1237210
2792,29621148
2793,24958335
2794,310883
2795,437433
2796,31931981
2797,17433295
2798,2310219
2799,21814518
2800,25564823
2801,25599599
2802,14289386
2803,15635
2804,143498
2805,32811
2806,4354189
2807,69460
2808,1609475
2809,1681593
2810,1465
2811,22820955
2812,344134
2813,3431571
2814,286466
2815,297065
2816,3936871
2817,7714676
2818,11784452
2819,89338
2820,6694675
2821,239787
2822,2489207
2823,252923
2824,9110875
2825,1388192
2826,66443
2827,874560
2828,2078239
2829,889140
2830,531139
2831,152128
2832,682744
2833,244888
2834,13647986
2835,13574344
2836,1717527
2837,2770767
2838,15808636
2839,5086081
2840,67373
2841,609526
2842,53024
2843,32778
2844,436605
2845,4293527
2846,134021
2847,1083928
2848,11282501
2849,10041732
2850,463500
2851,27825
2852,323620
2853,385614
2854,2497687
2855,919401
2856,312637
2857,341991
2858,1121132
2859,3198720
2860,770430
2861,136519
2862,403455
2863,1543
2864,3005341
2865,4458448
2866,709979
2867,766882
2868,705810
2869,8175399
2870,12920
2871,10368290
2872,3216467
2873,6424940
2874,7680671
2875,11474192
2876,25022248
2877,6386221
2878,24648426
2879,33630723
2880,20396
2881,1596439
2882,33005843
2883,12400716
2884,91441
2885,26877039
2886,9368050
2887,1975990
2888,353320
2889,303551
2890,243393
2891,25444
2892,7053730
2893,10387612
2894,8961566
2895,258754
2896,6667507
2897,79521
2898,5489189
2899,915884
2900,30340
2901,49462
2902,341810
2903,2698
2904,10030199
2905,6008
2906,30312876
2907,33245396
2908,20791090
2909,31019828
2910,1529891
2911,28818245
2912,23732540
2913,671130
2914,8286201
2915,274700
2916,7284063
2917,7234699
2918,13572380
2919,1824620
2920,488844
2921,1220015
2922,795390
2923,20659808
2924,14797474
2925,1249187
2926,9805296
2927,19446029
2928,11475033
2929,2089902
2930,7798892
2931,16073271
2932,25740315
2933,7114329
2934,2337737
2935,49589
2936,6322080
2937,16057277
2938,8134893
2939,6021444
2940,1445568
2941,20723806
2942,6672710
2943,13457244
2944,29285732
2945,2187502
2946,22253712
2947,5757689
2948,13222621
2949,6611575
2950,13647960
2951,771216
2952,31568867
2953,6059693
2954,6012314
2955,10167743
2956,1463049
2957,6457058
2958,28100758
2959,6215655
2960,328739
2961,13435175
2962,29520182
2963,1067926
2964,1362643
2965,2405513
2966,6270474
2967,18710958
2968,211228
2969,27181422
2970,17185500
2971,6916302
2972,17569383
2973,7785617
2974,1217941
2975,899071
2976,962129
2977,16158075
2978,5918716
2979,17910175
2980,7742706
2981,27392652
2982,104855
2983,17229678
2984,29778028
2985,24874343
2986,15760756
2987,29382896
2988,24717410
2989,30518198
2990,25352976
2991,3231038
2992,9747606
2993,18081416
2994,21028697
2995,643329
2996,523911
2997,920131
2998,441023
2999,23464815
3000,97684
3001,17992865
3002,31935807
3003,27850426
3004,32490610
3005,17345882
3006,16887701
3007,775656
3008,6444189
3009,499933
3010,17465789
3011,24606050
3012,2056538
3013,32565348
3014,34845079
3015,2209332
3016,8887842
3017,61354
3018,15723753
3019,6279905
3020,323298
3021,1240911
3022,6351794
3023,6320213
3024,17904575
3025,25169442
3026,18138218
3027,16275887
3028,17705075
3029,15848763
3030,15803109
3031,8763170
3032,31847833
3033,1463316
3034,395270
3035,7647334
3036,20821025
3037,22708139
3038,31944691
3039,18051581
3040,2175684
3041,211516
3042,849693
3043,1401309
3044,206632
3045,129781
3046,239234
3047,60964
3048,23018253
3049,5722939
3050,28449204
3051,13144870
3052,25893604
3053,8495
3054,12846495
3055,1164283
3056,12963251
3057,22822468
3058,163167
3059,17349274
3060,682673
3061,25919034
3062,137130
3063,757383
3064,13494041
3065,864286
3066,21852315
3067,23009523
3068,12973927
3069,5984208
3070,295770
3071,385580
3072,1031938
3073,135221
3074,18040653
3075,16005110
3076,963029
3077,15739722
3078,29354537
3079,6487687
3080,16241201
3081,32294975
3082,19166
3083,6698401
3084,839546
3085,29737292
3086,6238647
3087,16088418
3088,539172
3089,16607
3090,218958
3091,1513622
3092,3151893
3093,4588055
3094,21814522
3095,11619
3096,30076808
3097,6130928
3098,6693409
3099,1980938
3100,13509974
3101,6612826
3102,8643278
3103,4116500
3104,7614383
3105,9609390
3106,13482796
3107,8863068
3108,682327
3109,6435720
3110,22840676
3111,42210
3112,2387954
3113,11518032
3114,908708
3115,688081
3116,204245
3117,140286
3118,207917
3119,585494
3120,151717
3121,180999
3122,13423041
3123,18915215
3124,1377423
3125,25075649
3126,28136049
3127,13580225
3128,30117
3129,13519197
3130,20808013
3131,6615741
3132,198714
3133,846491
3134,15747967
3135,23619352
3136,23368516
3137,15741311
3138,24887291
3139,29599109
3140,6346306
3141,847086
3142,101505
3143,13330760
3144,3135355
3145,1376644
3146,261756
3147,1697784
3148,653047
3149,218858
3150,32056138
3151,8487489
3152,26012587
3153,25904767
3154,18406119
3155,22354100
3156,24800883
3157,20813530
3158,21814523
3159,19106654
3160,14964979
3161,25003123
3162,22616936
3163,10584710
3164,203839
3165,3656020
3166,30189455
3167,818734
3168,265739
3169,20937910
3170,19152
3171,210137
3172,19288242
3173,977715
3174,9553570
3175,12018205
3176,13421249
3177,17284027
3178,1142060
3179,1142106
3180,30617882
3181,13595971
3182,30303794
3183,567796
3184,759914
3185,17575149
3186,24499563
3187,17415200
3188,791639
3189,410808
3190,99281
3191,3190024
3192,25731615
3193,26007703
3194,12293616
3195,535430
3196,605581
3197,857392
3198,1938356
3199,237509
3200,148038
3201,6256955
3202,6266464
3203,131675
3204,15999563
3205,189460
3206,1170020
3207,441323
3208,376329
3209,25074335
3210,24443008
3211,25368127
3212,1154142
3213,2038978
3214,979036
3215,57629
3216,11054461
3217,23366732
3218,35659309
3219,29472884
3220,8462369
3221,150274
3222,6597278
3223,7812408
3224,414737
3225,18681934
3226,18332546
3227,15893652
3228,2590601
3229,783893
3230,1054276
3231,429943
3232,8378818
3233,723368
3234,1499639
3235,23494039
3236,16029970
3237,10803973
3238,27803255
3239,17448329
3240,34127816
3241,12764721
3242,530986
3243,1160079
3244,2015003
3245,10517337
3246,245821
3247,175630
3248,20211434
3249,49474
3250,257047
3251,15863145
3252,19180497
3253,13631845
3254,765577
3255,1522015
3256,22895415
3257,166346
3258,851079
3259,4341252
3260,327636
3261,1258534
3262,10529050
3263,21971379
3264,19076608
3265,1377427
3266,765311
3267,23215762
3268,1466
3269,23785
3270,2706
3271,344157
3272,23460877
3273,14823534
3274,316502
3275,7755398
3276,10380771
3277,20504590
3278,6001358
3279,1263451
3280,303527
3281,939259
3282,15728857
3283,161911
3284,13564025
3285,34337342
3286,6381960
3287,13648769
3288,575621
3289,15722149
3290,17341519
3291,17794505
3292,1267146
3293,2991625
3294,17374352
3295,222617
3296,2714688
3297,2045086
3298,22467621
3299,23492069
3300,17910294
3301,16109887
3302,104714
3303,8051436
3304,50497
3305,226909
3306,630740
3307,160645
3308,6476567
3309,916419
3310,624822
3311,17730900
3312,1250563
3313,13596477
3314,398175
3315,30037572
3316,35919520
3317,4332433
3318,22802696
3319,556636
3320,8110323
3321,17934648
3322,7420326
3323,13630985
3324,581621
3325,19227281
3326,21310547
3327,24874319
3328,185723
3329,197131
3330,29619326
3331,625802
3332,613618
3333,20520995
3334,25869488
3335,21341037
3336,7920491
3337,3281425
3338,44067
3339,6543546
3340,1736210
3341,33276953
3342,7335173
3343,28923793
3344,35198105
3345,12679441
3346,23176162
3347,16004701
3348,30343334
3349,18601484
3350,18274899
3351,17707771
3352,21918964
3353,35018821
3354,18112826
3355,34885446
3356,17571628
3357,30717170
3358,32932539
3359,21535619
3360,15997621
3361,15848737
3362,17469790
3363,22798526
3364,22755604
3365,17337383
3366,15756163
3367,29359617
3368,31214009
3369,15805962
3370,15831852
3371,22017603
3372,21896450
3373,16006611
3374,25248510
3375,18186565
3376,35132873
3377,562694
3378,562695
3379,659345
3380,10402730
3381,1222286
3382,248437
3383,18777480
3384,1190660
3385,12014933
3386,7277457
3387,26196287
3388,138375
3389,42045
3390,609155
3391,392500
3392,10318202
3393,655781
3394,75497
3395,18134452
3396,846492
3397,358540
3398,12213788
3399,2929257
3400,18222832
3401,13538718
3402,19186357
3403,52479
3404,8763495
3405,10429980
3406,25349205
3407,5934
3408,25302300
3409,13421449
3410,31918240
3411,25206063
3412,13215
3413,23280255
3414,3262029
3415,1283918
3416,2625554
3417,995852
3418,3258
3419,9367505
3420,1254577
3421,1753817
3422,203176
3423,1275397
3424,287554
3425,592210
3426,1614684
3427,773277
3428,80413
3429,175345
3430,453983
3431,378781
3432,94769
3433,1040423
3434,31835606
3435,32454310
3436,20839571
3437,2353701
3438,2849211
3439,18490595
3440,244938
3441,157608
3442,19092013
3443,246617
3444,18693645
3445,29606282
3446,9465133
3447,2625142
3448,29777150
3449,35236575
3450,3383624
3451,82345
3452,20313726
3453,18500
3454,33215514
3455,6034272
3456,31936149
3457,29605369
3458,582544
3459,3144291
3460,518424
3461,25900087
3462,33004293
3463,1255021
3464,430352
3465,842813
3466,184196
3467,7714933
3468,17560327
3469,13039329
3470,403197
3471,16038678
3472,13488321
3473,5702354
3474,18005167
3475,8595728
3476,6185311
3477,636860
3478,73449
3479,275101
3480,25883776
3481,25583344
3482,30635721
3483,26339520
3484,26047380
3485,1504664
3486,18517764
3487,23884913
3488,25880995
3489,2139676
3490,512093
3491,11280893
3492,972325
3493,18074722
3494,25074158
3495,936211
3496,11861721
3497,519349
3498,1798234
3499,23440113
3500,27861803
3501,16044000
3502,13426301
3503,10382276
3504,229575
3505,13449293
3506,7747143
3507,9468607
3508,11410181
3509,16059163
3510,3110320
3511,12528879
3512,12450145
3513,5572652
3514,5956635
3515,573063
3516,10445601
3517,369234
3518,13505257
3519,23398580
3520,32500637
3521,34534390
3522,31945208
3523,31930117
3524,7013502
3525,24043727
3526,110243
3527,28153385
3528,542796
3529,28936183
3530,683018
3531,27207519
3532,25397752
3533,655153
3534,1308828
3535,1783909
3536,569284
3537,1155724
3538,13418546
3539,15852938
3540,19381084
3541,12630005
3542,13583378
3543,12413793
3544,26014654
3545,25735567
3546,21941814
3547,24156455
3548,19546150
3549,15980337
3550,429597
3551,23685695
3552,25853022
3553,16200248
3554,507868
3555,22285262
3556,21911024
3557,16062216
3558,18144783
3559,7329672
3560,171123
3561,23942309
3562,20880924
3563,18373975
3564,13634016
3565,50553
3566,24614908
3567,35489043
3568,341489
3569,25477771
3570,55286
3571,26953388
3572,28114421
3573,13626297
3574,127535
3575,6406379
3576,677030
3577,25593268
3578,21527681
3579,836269
3580,310088
3581,24874347
3582,18654387
3583,935006
3584,10400663
3585,403562
3586,2646459
3587,1751569
3588,405238
3589,24178192
3590,16598973
3591,902746
3592,26262715
3593,23172242
3594,30350481
3595,28936166
3596,30725223
3597,29086329
3598,29223203
3599,17657730
3600,12522
3601,20738843
3602,6046731
3603,6367153
3604,33538
3605,3621458
3606,823162
3607,27233119
3608,25852659
3609,28930977
3610,25886986
3611,30976473
3612,6041230
3613,18936843
3614,30038016
3615,507878
3616,8679315
3617,20321940
3618,95894
3619,4356506
3620,31312593
3621,8433169
3622,13544588
3623,22260245
3624,226946
3625,13018309
3626,33814166
3627,22891212
3628,25923776
3629,592213
3630,1594333
3631,6783360
3632,700479
3633,5539003
3634,18334644
3635,721005
3636,3412234
3637,197672
3638,6360282
3639,1031678
3640,3096016
3641,734827
3642,171807
3643,949373
3644,1402046
3645,549348
3646,907470
3647,456644
3648,841116
3649,165077
3650,1887522
3651,729221
3652,48249
3653,273230
3654,811072
3655,10604650
3656,83275
3657,625224
3658,1256548
3659,30989782
3660,770591
3661,101306
3662,8338914
3663,13447368
3664,19360726
3665,147923
3666,13511324
3667,795951
3668,22031476
3669,3426175
3670,6091389
3671,6631343
3672,14987933
3673,416722
3674,214371
3675,13572073
3676,7261067
3677,34815483
3678,494220
3679,3251146
3680,23595237
3681,13572514
3682,15709237
3683,28053794
3684,35521268
3685,34335011
3686,14435335
3687,4978018
3688,17575287
3689,588345
3690,21879809
3691,22998762
3692,600265
3693,17882307
3694,117287
3695,340866
3696,1525
3697,27178026
3698,2091416
3699,18811429
3700,805424
3701,9692675
3702,864050
3703,4997259
3704,25489206
3705,1257507
3706,8125919
3707,427278
3708,19360664
3709,10573526
3710,75191
3711,591534
3712,435248
3713,2270425
3714,274779
3715,29918325
3716,1484419
3717,2361055
3718,836062
3719,6294151
3720,24874449
3721,738310
3722,3143972
3723,2245810
3724,367916
3725,23308938
3726,476374
3727,922089
3728,11555196
3729,19011197
3730,33802213
3731,28491054
3732,29422904
3733,4770925
3734,17075628
3735,689189
3736,127312
3737,9763619
3738,2830097
3739,1221739
3740,6269818
3741,13629592
3742,24735418
3743,574289
3744,9712627
3745,257578
3746,19535642
3747,403546
3748,24735427
3749,3161277
3750,6310449
3751,981103
3752,3123992
3753,13501469
3754,25534128
3755,18604924
3756,895428
3757,6314111
3758,2113235
3759,249075
3760,1684654
3761,1166119
3762,16059448
3763,7724418
3764,6485880
3765,17934375
3766,17404032
3767,26196185
3768,17665744
3769,267754
3770,31339423
3771,26052120
3772,32595185
3773,31930136
3774,211515
3775,25704997
3776,22376796
3777,1178412
3778,7992783
3779,162488
3780,669947
3781,9749542
3782,6066258
3783,1248352
3784,1966801
3785,8077005
3786,1133833
3787,7713587
3788,13544139
3789,18080835
3790,13601067
3791,12687590
3792,286894
3793,16128012
3794,143482
3795,17901066
3796,831071
3797,1785217
3798,705652
3799,168654
3800,33393991
3801,33985186
3802,6702355
3803,99378
3804,18611304
3805,2235366
3806,17287061
3807,461977
3808,18528291
3809,1234049
3810,3971094
3811,17312482
3812,18196433
3813,15712183
3814,31342596
3815,34209683
3816,31358270
3817,17205297
3818,17618007
3819,3743168
3820,18336590
3821,20795111
3822,11388989
3823,27248135
3824,1511380
3825,5321230
3826,7117829
3827,1467931
3828,236101
3829,10312444
3830,9367454
3831,11099009
3832,9485761
3833,267198
3834,1516
3835,37782
3836,21878188
3837,1181351
3838,1192590
3839,233852
3840,353450
3841,21471389
3842,1253620
3843,16174875
3844,3159062
3845,16286709
3846,1387194
3847,17819707
3848,261242
3849,100919
3850,6318162
3851,17608811
3852,24851539
3853,18714691
3854,34014630
3855,98940
3856,13506771
3857,31865270
3858,12400023
3859,6001257
3860,6469349
3861,11297245
3862,33187
3863,18619523
3864,24751896
3865,21814524
3866,6962729
3867,26001450
3868,18955582
3869,21814519
3870,12755822
3871,6558794
3872,22599328
3873,1293670
3874,7132922
3875,1608547
3876,801560
3877,3261124
3878,250787
3879,6698061
3880,7852484
3881,9713841
3882,23368517
3883,1136122
3884,9515483
3885,23848797
3886,857449
3887,1374868
3888,23478558
3889,17909941
3890,2713
3891,16380263
3892,404897
3893,11872363
3894,3048
3895,25223427
3896,737847
3897,30076169
3898,31328109
3899,15818859
3900,17334995
3901,11616
3902,99276
3903,26070328
3904,4569952
3905,9763867
3906,13570785
3907,582102
3908,20629254
3909,16130055
3910,574297
3911,8249177
3912,33848593
3913,2077761
3914,25778603
3915,28798927
3916,933482
3917,27828728
3918,2250717
3919,1488392
3920,1120231
3921,26805430
3922,8113299
3923,483433
3924,676169
3925,6356101
3926,2103974
3927,152139
3928,12250
3929,34688452
3930,10046700
3931,18115097
3932,7744163
3933,6861000
3934,17284889
3935,556533
3936,6366548
3937,16134828
3938,6255510
3939,3223473
3940,80992
3941,1718
3942,20246204
3943,10663397
3944,16060805
3945,23305547
3946,29093222
3947,29246652
3948,23355623
3949,25225873
3950,24768320
3951,28962809
3952,24724766
3953,13581625
3954,1309424
3955,17572972
3956,8610941
3957,25348227
3958,4543268
3959,6948314
3960,17384233
3961,20578750
3962,30201495
3963,3416417
3964,498487
3965,2585640
3966,29363268
3967,25822656
3968,31435158
3969,2880601
3970,821245
3971,676731
3972,849382
3973,18397452
3974,25854187
3975,1796
3976,404098
3977,3619123
3978,778428
3979,683106
3980,170006
3981,5974455
3982,164552
3983,11406578
3984,1563667
3985,73440
3986,6482040
3987,155242
3988,31934665
3989,35140962
3990,56123
3991,25764371
3992,1274740
3993,23206432
3994,18854147
3995,871622
3996,13368966
3997,10493950
3998,4574110
3999,642967
4000,17186498
4001,1566470
4002,376501
4003,2403024
4004,18709798
4005,26493930
4006,24924948
4007,16645619
4008,18047013
4009,26866079
4010,26850255
4011,21455541
4012,23798650
4013,10994133
4014,12403227
4015,6011964
4016,324891
4017,863932
4018,5966818
4019,15808308
4020,1344192
4021,33219800
4022,761292
4023,18072522
4024,16091790
4025,18318643
4026,28930241
4027,16050561
4028,18752078
4029,296865
4030,35892390
4031,25396865
4032,9649043
4033,6318498
4034,21792868
4035,34763634
4036,1551839
4037,3210714
4038,30191367
4039,33905006
4040,22979582
4041,3966159
4042,35738258
4043,10440011
4044,27498
4045,150026
4046,386358
4047,4701239
4048,1417
4049,743715
4050,6941014
4051,188809
4052,75190
4053,18064392
4054,29369702
4055,23676920
4056,29104125
4057,21853470
4058,17927499
4059,7016285
4060,4016482
4061,25311290
4062,29425109
4063,1440008
4064,16057628
4065,6453022
4066,116924
4067,13414919
4068,34846043
4069,33917578
4070,34904308
4071,25555249
4072,561770
4073,15778840
4074,17261650
4075,959649
4076,18757485
4077,1651102
4078,9571782
4079,16365934
4080,15722609
4081,6332170
4082,18266828
4083,6483845
4084,16248602
4085,13447246
4086,30047022
4087,23375559
4088,1934248
4089,12973523
4090,1225416
4091,1395399
4092,14062374
4093,301210
4094,19204
4095,17214309
4096,10724131
4097,25583973
4098,32615714
4099,6554908
4100,7824078
4101,7894139
4102,16439484
4103,6866377
4104,6272393
4105,13043056
4106,2331551
4107,1315468
4108,7883903
4109,23015378
4110,25005010
4111,3245678
4112,691209
4113,18744759
4114,1026029
4115,7200280
4116,318001
4117,32502140
4118,1016808
4119,1914284
4120,585520
4121,13129387
4122,1155237
4123,3721326
4124,13226395
4125,6750964
4126,7487563
4127,23346805
4128,12100674
4129,588553
4130,1525980
4131,1056526
4132,617007
4133,448899
4134,15947418
4135,1992003
4136,398420
4137,197838
4138,251502
4139,3693484
4140,314928
4141,385115
4142,37064
4143,20786834
4144,25523748
4145,758409
4146,18213292
4147,15612943
4148,840287
4149,685477
4150,1239273
4151,1727325
4152,33134032
4153,29941151
4154,7675796
4155,2573863
4156,1760436
4157,1521
4158,29378583
4159,3507059
4160,7324526
4161,17824924
4162,15755376
4163,32874975
4164,1720
4165,11864090
4166,2829413
4167,3182968
4168,1370733
4169,15777397
4170,7684213
4171,1807940
4172,831591
4173,12997939
4174,7326142
4175,17734517
4176,22879863
4177,7823070
4178,13284755
4179,861453
4180,525138
4181,5644949
4182,8726220
4183,7244227
4184,22850556
4185,13509983
4186,15720029
4187,16249683
4188,23361450
4189,25549412
4190,16071739
4191,17349316
4192,15722356
4193,13563920
4194,21686303
4195,13724117
4196,44866
4197,14435387
4198,575548
4199,29055635
4200,15774610
4201,6791061
4202,13487011
4203,3348680
4204,6681250
4205,2907216
4206,6391915
4207,430789
4208,3027336
4209,19989496
4210,807501
4211,6412826
4212,6728513
4213,3380974
4214,2702338
4215,5492746
4216,28818800
4217,8582644
4218,28571813
4219,1156848
4220,29236226
4221,2679481
4222,10306810
4223,9144837
4224,7252014
4225,9762127
4226,13436183
4227,109205
4228,97384
4229,948485
4230,12394466
4231,13391347
4232,12280971
4233,34114202
4234,31765507
4235,198968
4236,17242231
4237,753057
4238,6626635
4239,1584162
4240,138200
4241,4609054
4242,25320232
4243,544371
4244,620722
4245,1329652
4246,225755
4247,6647680
4248,774306
4249,1056470
4250,13141294
4251,1270067
4252,18172302
4253,6906445
4254,443519
4255,17162967
4256,6884590
4257,1256206
4258,30318061
4259,6582571
4260,36262212
4261,13012720
4262,16082441
4263,1318451
4264,862930
4265,25156636
4266,12189593
4267,6014783
4268,23075718
4269,11833119
4270,25865314
4271,15736187
4272,20661
4273,17412144
4274,668953
4275,732112
4276,26133576
4277,7938518
4278,6751642
4279,18376943
4280,235926
4281,12291423
4282,13616953
4283,8921641
4284,18300254
4285,413386
4286,1744237
4287,31424
4288,21945025
4289,9814533
4290,14343182
4291,2228563
4292,27246261
4293,29936760
4294,3167946
4295,6345370
4296,2154163
4297,17564598
4298,208963
4299,5973523
4300,90672
4301,6326508
4302,22553416
4303,4311171
4304,2201009
4305,662005
4306,321580
4307,269926
4308,99942
4309,20329032
4310,17367659
4311,713288
4312,670257
4313,34178645
4314,382613
4315,21950742
4316,22909597
4317,2337989
4318,874369
4319,271717
4320,65338
4321,837557
4322,17464910
4323,20168578
4324,758615
4325,819034
4326,5325563
4327,34220790
4328,3295509
4329,837994
4330,13586848
4331,1321437
4332,1143749
4333,7183544
4334,6654316
4335,147925
4336,1215303
4337,1051406
4338,530924
4339,287656
4340,516650
4341,34604945
4342,21120772
4343,162519
4344,15793873
4345,24551791
4346,10190153
4347,6478280
4348,22550722
4349,7456575
4350,12906786
4351,12900939
4352,18503
4353,17857569
4354,17867274
4355,3357033
4356,1422623
4357,13626005
4358,72920
4359,10080075
4360,20808817
4361,781754
4362,10307550
4363,9676986
4364,1377930
4365,1063570
4366,4002774
4367,7853621
4368,9238578
4369,7724705
4370,6057883
4371,1647487
4372,1856017
4373,6648592
4374,6411224
4375,1524722
4376,12044676
4377,34726646
4378,23148608
4379,17996971
4380,22593508
4381,6077453
4382,27739255
4383,60275
4384,1378
4385,372394
4386,32182023
4387,236184
4388,18456874
4389,17616795
4390,18007993
4391,21567698
4392,23312221
4393,27116564
4394,11081746
4395,952901
4396,1107064
4397,8862670
4398,18336582
4399,22709286
4400,396007
4401,721013
4402,10198803
4403,35673154
4404,12918
4405,23640832
4406,7248483
4407,1542057
4408,7631683
4409,21190514
4410,23485581
4411,23256987
4412,22718651
4413,2783380
4414,8036478
4415,1530
4416,26597
4417,2743261
4418,34998951
4419,13564156
4420,16244379
4421,15749152
4422,9774868
4423,15848752
4424,18396853
4425,108687
4426,378653
4427,1890574
4428,6986237
4429,10075702
4430,19385139
4431,33169254
4432,487262
4433,1294050
4434,18920892
4435,25749684
4436,1095734
4437,655483
4438,2191406
4439,28441735
4440,28695434
4441,295160
4442,23605008
4443,35115554
4444,86562
4445,10651914
4446,8388793
4447,1010033
4448,1094640
4449,17729625
4450,17200869
4451,6593551
4452,30051159
4453,16112117
4454,15768072
4455,16076607
4456,18403536
4457,15739123
4458,9314660
4459,6138847
4460,25895416
4461,441200
4462,19620877
4463,1400756
4464,6318217
4465,30129
4466,4331517
4467,19352
4468,33374482
4469,368751
4470,17976305
4471,13482952
4472,9824557
4473,29924756
4474,28188156
4475,28111691
4476,29473883
4477,15840222
4478,15728230
4479,3816153
4480,1136458
4481,27154814
4482,35668923
4483,29456649
4484,18747818
4485,30977379
4486,9688875
4487,16111983
4488,27800
4489,7076196
4490,522369
4491,597113
4492,6778475
4493,6899308
4494,1247509
4495,6610705
4496,567662
4497,22638830
4498,60938
4499,29520285
4500,20389011
4501,6870367
4502,23261177
4503,10533692
4504,23249646
4505,22461445
4506,23579995
4507,13548399
4508,33898658
4509,9670245
4510,15751328
4511,837021
4512,69148
4513,6243392
4514,7510578
4515,150352
4516,6065768
4517,10346768
4518,6791895
4519,1077142
4520,3102925
4521,6651931
4522,6868663
4523,7180284
4524,29235588
4525,6977848
4526,13497726
4527,29902553
4528,123847
4529,35014002
4530,33564741
4531,567758
4532,25134759
4533,25846870
4534,16088613
4535,22816610
4536,12540584
4537,2577187
4538,7481634
4539,12559800
4540,2963679
4541,131067
4542,10150808
4543,17887340
4544,1545230
4545,818133
4546,24796932
4547,18751905
4548,25881494
4549,18809919
4550,1906219
4551,11909078
4552,5760565
4553,19052726
4554,7173465
4555,34150787
4556,9821280
4557,17666264
4558,10281634
4559,18244782
4560,21422875
4561,11315410
4562,20661906
4563,12900518
4564,18554820
4565,12229268
4566,752697
4567,942902
4568,10092530
4569,3254253
4570,29868871
4571,437362
4572,7535467
4573,6345361
4574,23744517
4575,1100562
4576,1167192
4577,18625143
4578,166801
4579,30173768
4580,17401740
4581,2235500
4582,7932607
4583,19346392
4584,1131612
4585,9321349
4586,854665
4587,444116
4588,18747118
4589,24554618
4590,22991
4591,281904
4592,20322241
4593,18079606
4594,130548
4595,28926132
4596,26039802
4597,25582218
4598,21462165
4599,20312076
4600,6924804
4601,90673
4602,578588
4603,32920232
4604,162866
4605,49930
4606,2727030
4607,13237218
4608,19084312
4609,3347848
4610,274941
4611,12456868
4612,6413975
4613,1357157
4614,8043992
4615,14305953
4616,15803103
4617,6640210
4618,216671
4619,166351
4620,2669076
4621,7195161
4622,6238672
4623,2599816
4624,11708141
4625,8729193
4626,6134973
4627,2575773
4628,895432
4629,13605083
4630,1323028
4631,17286969
4632,474892
4633,15754008
4634,3522065
4635,16113949
4636,1762801
4637,32041560
4638,17252421
4639,32814910
4640,29960886
4641,36064351
4642,35081563
4643,32802221
4644,34867331
4645,34303968
4646,34503747
4647,36350410
4648,27134543
4649,34742460
4650,28383615
4651,33134055
4652,26699923
4653,35609625
4654,34725339
4655,6494556
4656,6851605
4657,1453846
4658,16310115
4659,30840109
4660,826090
4661,27272613
4662,7105015
4663,13493398
4664,31279689
4665,18722772
4666,8444917
4667,1000746
4668,15760629
4669,12428159
4670,2140621
4671,30167551
4672,29072516
4673,904327
4674,29564608
4675,26530340
4676,789551
4677,201735
4678,486085
4679,247319
4680,16059348
4681,567698
4682,13732575
4683,20443680
4684,305754
4685,17188796
4686,18763709
4687,297225
4688,955195
4689,26046499
4690,34253376
4691,32328399
4692,2817254
4693,785375
4694,20525403
4695,2084237
4696,1058309
4697,10472473
4698,9630712
4699,7023353
4700,25022960
4701,31192076
4702,21038168
4703,25689066
4704,6165676
4705,26399935
4706,39108
4707,2834606
4708,7987492
4709,8910553
4710,987802
4711,10217121
4712,1301187
4713,26027825
4714,10354773
4715,31428174
4716,3396801
4717,2048702
4718,10494282
4719,133913
4720,29407888
4721,16116459
4722,8454689
4723,1304364
4724,19537542
4725,35063256
4726,25257651
4727,32863993
4728,879287
4729,16670056
4730,18310191
4731,12482896
4732,14289427
4733,15946622
4734,85745
4735,18658637
4736,31348271
4737,1054402
4738,25881268
4739,11345575
4740,1298321
4741,704934
4742,949011
4743,56058
4744,32960014
4745,18045234
4746,9719541
4747,418298
4748,97517
4749,661715
4750,399951
4751,36126998
4752,598596
4753,13578320
4754,13445135
4755,500616
4756,308977
4757,871377
4758,35654589
4759,34014635
4760,2094678
4761,1856010
4762,16038520
4763,23128928
4764,18627405
4765,382729
4766,23497828
4767,32034034
4768,10082832
4769,18307865
4770,17699123
4771,120408
4772,5300801
4773,43937
4774,10372340
4775,18250388
4776,32767794
4777,13593268
4778,30213033
4779,33860362
4780,16095126
4781,34662737
4782,12379245
4783,797853
4784,6293934
4785,12868912
4786,765277
4787,21527802
4788,1059705
4789,4479
4790,803396
4791,23268692
4792,25404578
4793,9223696
4794,848296
4795,1152991
4796,1869115
4797,13607042
4798,11618771
4799,2242925
4800,25195556
4801,35612585
4802,19463823
4803,5978800
4804,851234
4805,13592061
4806,24141569
4807,8161232
4808,44541
4809,2426124
4810,29091259
4811,1329426
4812,35224002
4813,29936741
4814,5935
4815,30769639
4816,18485642
4817,930326
4818,21975760
4819,1115694
4820,34602428
4821,270961
4822,739108
4823,22930288
4824,3702630
4825,20403863
4826,28524605
4827,287155
4828,547530
4829,6477684
4830,23375328
4831,6363098
4832,18586412
4833,7989665
4834,6139999
4835,46289
4836,6419933
4837,17693382
4838,22736736
4839,6352715
4840,17934997
4841,1097984
4842,13597442
4843,360912
4844,30278847
4845,15713496
4846,271918
4847,18081251
4848,11937290
4849,22107707
4850,29386178
4851,922651
4852,949542
4853,4028729
4854,6596802
4855,7937668
4856,14553489
4857,6353484
4858,21923457
4859,10333279
4860,1956256
4861,23717107
4862,23474764
4863,1889090
4864,13400543
4865,1339745
4866,14910360
4867,12057406
4868,16162608
4869,17381491
4870,19067310
4871,23567513
4872,27881180
4873,17341579
4874,2662486
4875,2026908
4876,13581799
4877,17413244
4878,25117667
4879,17267106
4880,15705231
4881,16290068
4882,17718651
4883,17722074
4884,12670926
4885,23120191
4886,6471313
4887,15738398
4888,294393
4889,1609396
4890,1262916
4891,20893306
4892,643130
4893,22730484
4894,21875846
4895,33619831
4896,3977273
4897,970817
4898,675244
4899,1328775
4900,1332090
4901,1762584
4902,175878
4903,6269844
4904,44181
4905,1035695
4906,21487547
4907,1481394
4908,700758
4909,8411147
4910,7196400
4911,25876269
4912,111889
4913,2022200
4914,7063431
4915,25810335
4916,15954068
4917,31395779
4918,4837243
4919,10097427
4920,203162
4921,14357481
4922,1538360
4923,1916555
4924,820445
4925,1339746
4926,713833
4927,25279722
4928,16032471
4929,26876565
4930,10200029
4931,13627197
4932,12691022
4933,6493451
4934,11398198
4935,8339684
4936,1140515
4937,17605537
4938,11031566
4939,1430790
4940,28967315
4941,253566
4942,17262168
4943,746244
4944,20662512
4945,13392178
4946,13530069
4947,36188318
4948,19163
4949,25132849
4950,23001929
4951,11727369
4952,25800009
4953,17982965
4954,6625822
4955,3036567
4956,1299495
4957,23441067
4958,15835958
4959,7485411
4960,1140174
4961,13555791
4962,5202722
4963,9838168
4964,6434034
4965,5924914
4966,7159459
4967,30399137
4968,6003217
4969,11491351
4970,1364969
4971,13508677
4972,18209712
4973,5085110
4974,1036552
4975,26117854
4976,25869
4977,86922
4978,10896181
4979,19545854
4980,25927627
4981,11520384
4982,30841274
4983,29408010
4984,10386021
4985,22698692
4986,10317948
4987,15956284
4988,25323340
4989,13607828
4990,10790104
4991,7720159
4992,16278158
4993,11117531
4994,20644234
4995,34380259
4996,9637790
4997,25546681
4998,11826882
4999,29387388
5000,1383882
5001,3089188
5002,34522228
5003,7838324
5004,1041483
5005,1168336
5006,19167576
5007,5966
5008,32780
5009,12199467
5010,23510851
5011,13237166
5012,23374371
5013,614988
5014,13592224
5015,35648151
5016,33246653
5017,23562487
5018,953066
5019,410415
5020,22440024
5021,5835627
5022,6100460
5023,16163245
5024,7279590
5025,29333211
5026,35227520
5027,16162618
5028,25164326
5029,547531
5030,27994035
5031,18517865
5032,24198759
5033,10127569
5034,12637975
5035,27385804
5036,6216370
5037,891267
5038,25571099
5039,32616231
5040,15807811
5041,6715347
5042,17885234
5043,519047
5044,18080012
5045,13559546
5046,31582
5047,208051
5048,6620736
5049,18777925
5050,32889703
5051,27246068
5052,18695507
5053,16133824
5054,23474470
5055,1939116
5056,11398103
5057,749623
5058,17573227
5059,5918
5060,24178640
5061,379771
5062,10979541
5063,34837005
5064,26310384
5065,1370987
5066,27237770
5067,15816125
5068,311641
5069,18900030
5070,6559818
5071,13108400
5072,11995447
5073,619979
5074,6361575
5075,26243013
5076,18338557
5077,274515
5078,13348701
5079,23983225
5080,9786697
5081,866571
5082,21404125
5083,1297958
5084,414797
5085,625162
5086,20660041
5087,25956512
5088,1264282
5089,7026285
5090,21903567
5091,23398721
5092,16180884
5093,13572406
5094,28405937
5095,29967399
5096,29407771
5097,33965049
5098,33134072
5099,34112148
5100,16098155
5101,35159101
5102,2867744
5103,2841873
5104,21354653
5105,278702
5106,5196300
5107,30134
5108,29910492
5109,25245965
5110,184459
5111,25482172
5112,9028798
5113,1074186
5114,13419089
5115,5469889
5116,34522668
5117,32856795
5118,28779618
5119,16275087
5120,10300464
5121,1196132
5122,881145
5123,398180
5124,17307681
5125,818211
5126,30063131
5127,35498776
5128,825407
5129,991822
5130,7224172
5131,709960
5132,27826
5133,18038341
5134,1948943
5135,2172464
5136,787494
5137,29407337
5138,17377749
5139,449483
5140,29519613
5141,12763254
5142,29245213
5143,10746571
5144,15764183
5145,18002764
5146,18528290
5147,6290319
5148,3191893
5149,8511573
5150,24053531
5151,1337053
5152,7181336
5153,9326568
5154,18715284
5155,1374389
5156,1271612
5157,6609895
5158,13591359
5159,440528
5160,26068847
5161,8908845
5162,874604
5163,26037209
5164,36282926
5165,26059475
5166,138171
5167,33405074
5168,1387
5169,27313363
5170,26053421
5171,10291974
5172,7598967
5173,10955246
5174,8432056
5175,2839369
5176,10843754
5177,34866356
5178,8008885
5179,429567
5180,2558234
5181,17156213
5182,15784791
5183,28094325
5184,34228239
5185,864099
5186,129780
5187,28461875
5188,3237379
5189,34371087
5190,29411836
5191,13514948
5192,237611
5193,72917
5194,1032137
5195,124774
5196,6265254
5197,423618
5198,1166559
5199,16004
5200,2125776
5201,19212490
5202,3127280
5203,258111
5204,23701388
5205,33399676
5206,18994669
5207,2652056
5208,26169957
5209,16082777
5210,13555399
5211,27391555
5212,12782877
5213,24783920
5214,863937
5215,27829516
5216,15722464
5217,767058
5218,10852529
5219,6691772
5220,1107036
5221,204351
5222,5738
5223,8697044
5224,21510254
5225,25054934
5226,11046899
5227,7361969
5228,607602
5229,161972
5230,6192894
5231,551026
5232,5344840
5233,5857851
5234,14290856
5235,18999733
5236,24314834
5237,16069128
5238,26565818
5239,11626820
5240,29092772
5241,26017496
5242,25210062
5243,10210119
5244,10116108
5245,5409334
5246,691851
5247,548774
5248,29505113
5249,997949
5250,7320328
5251,8559595
5252,1894481
5253,1707015
5254,2669705
5255,80412
5256,13452311
5257,24245914
5258,14762057
5259,15711915
5260,18192937
5261,718330
5262,11278297
5263,12986904
5264,11191294
5265,24826357
5266,37804
5267,7795071
5268,292800
5269,7481552
5270,27392659
5271,8445368
5272,34224130
5273,35080325
5274,25132457
5275,25776014
5276,13425104
5277,32969792
5278,1439616
5279,34372505
5280,1270881
5281,3446535
5282,607614
5283,33258761
5284,17906042
5285,34396069
5286,24717023
5287,17265871
5288,1062948
5289,28599002
5290,704935
5291,23393845
5292,34728335
5293,2324780
5294,7784295
5295,13618568
5296,35760350
5297,17206176
5298,19481814
5299,18131012
5300,3331554
5301,28388043
5302,208470
5303,6089021
5304,31823123
5305,35558384
5306,631575
5307,28589486
5308,10446589
5309,1110268
5310,3368620
5311,13153514
5312,16688430
5313,1269942
5314,21240831
5315,3275214
5316,22384061
5317,727394
5318,35455511
5319,24874286
5320,26016588
5321,30072542
5322,33377428
5323,279610
5324,1160002
5325,1225083
5326,9627996
5327,1117139
5328,17317727
5329,367899
5330,20465433
5331,1886758
5332,1216232
5333,6520987
5334,10181821
5335,27869991
5336,27254788
5337,16555609
5338,18722451
5339,16299791
5340,17790353
5341,13504517
5342,25647256
5343,11379998
5344,3234369
5345,1271501
5346,20761653
5347,3237413
5348,256693
5349,29502614
5350,26047556
5351,507276
5352,6473473
5353,11160738
5354,1678307
5355,6723496
5356,21528730
5357,108165
5358,937321
5359,1716136
5360,18746100
5361,1049695
5362,29853326
5363,3405951
5364,443839
5365,955041
5366,5961725
5367,16108915
5368,1824344
5369,3227974
5370,19006391
5371,26841075
5372,24278928
5373,466802
5374,1831832
5375,21400448
5376,9977464
5377,12549060
5378,46759
5379,23668465
5380,18141482
5381,1251991
5382,28239366
5383,2592047
5384,31125204
5385,247350
5386,13582736
5387,25370837
5388,15807807
5389,1339744
5390,1842203
5391,467183
5392,25268167
5393,5079059
5394,708035
5395,116004
5396,8691537
5397,31017314
5398,33893426
5399,33259384
5400,25117221
5401,586729
5402,15718345
5403,4494031
5404,30423410
5405,11914820
5406,350096
5407,54111
5408,289
5409,20332977
5410,12004516
5411,21891971
5412,11123008
5413,354559
5414,6385488
5415,28385945
5416,17121979
5417,17609461
5418,6223326
5419,10359120
5420,1717409
5421,892491
5422,27911632
5423,28967313
5424,1762878
5425,20564294
5426,1264178
5427,10422505
5428,511035
5429,90820
5430,874288
5431,478089
5432,10267181
5433,13180427
5434,34208314
5435,35161926
5436,15851421
5437,29544841
5438,6356507
5439,22139800
5440,159953
5441,25550751
5442,34002094
5443,33014804
5444,6284804
5445,101492
5446,17155096
5447,4531679
5448,7846884
5449,21946216
5450,18619415
5451,32571779
5452,863216
5453,294567
5454,381231
5455,7392352
5456,211531
5457,10788015
5458,1356552
5459,21799919
5460,13812164
5461,33892400
5462,34385
5463,861939
5464,7293039
5465,13191593
5466,1707992
5467,18076886
5468,24615208
5469,17976968
5470,732603
5471,266463
5472,15992617
5473,482661
5474,23651901
5475,29465441
5476,7813712
5477,6990114
5478,2356093
5479,17667393
5480,34872017
5481,19891697
5482,313516
5483,1045070
5484,4752663
5485,6523549
5486,11100970
5487,12643883
5488,15777047
5489,25948787
5490,25539446
5491,22400275
5492,11561867
5493,299671
5494,9729947
5495,1400117
5496,179066
5497,5778585
5498,1591440
5499,22760866
5500,7536916
5501,128452
5502,1483359
5503,25459516
5504,334503
5505,5040181
5506,1236193
5507,26866628
5508,29151748
5509,6224515
5510,267760
5511,421012
5512,3102876
5513,859592
5514,1625144
5515,6352731
5516,11096902
5517,3104841
5518,30027
5519,971253
5520,19919743
5521,11043255
5522,34379
5523,187434
5524,25602621
5525,24854376
5526,18708362
5527,4787999
5528,18160675
5529,17567297
5530,23198296
5531,17378901
5532,13417818
5533,11680310
5534,1255101
5535,186678
5536,6341307
5537,29065015
5538,11942002
5539,15783379
5540,19475496
5541,846490
5542,18369719
5543,1548395
5544,21492092
5545,31945058
5546,9641218
5547,30640172
5548,11344321
5549,25866504
5550,26809782
5551,15707212
5552,17201042
5553,26101553
5554,3383567
5555,15886249
5556,34153489
5557,981109
5558,147151
5559,25074847
5560,778612
5561,780052
5562,27398274
5563,225833
5564,3104881
5565,8381810
5566,21489040
5567,16098483
5568,17212399
5569,2802078
5570,7056513
5571,947352
5572,36122873
5573,6340985
5574,6704764
5575,26196111
5576,35514975
5577,28481694
5578,325961
5579,8071978
5580,13618606
5581,10345759
5582,13102119
5583,82362
5584,698479
5585,687459
5586,1157181
5587,1355577
5588,13450365
5589,1595454
5590,578374
5591,13506387
5592,20514383
5593,17341569
5594,17341615
5595,17341613
5596,12812801
5597,902233
5598,17426527
5599,16157855
5600,34726636
5601,21414991
5602,11233128
5603,30167794
5604,17221090
5605,27419944
5606,29771799
5607,18054770
5608,18813253
5609,7491257
5610,6593983
5611,1623901
5612,12614883
5613,18623861
5614,13650566
5615,762619
5616,11638999
5617,6067342
5618,19254681
5619,5711337
5620,964427
5621,692785
5622,15850751
5623,158016
5624,1548785
5625,28195306
5626,11118075
5627,4443560
5628,11162881
5629,3338701
5630,650774
5631,21891017
5632,6435705
5633,11427518
5634,31848410
5635,25526702
5636,32613432
5637,22047662
5638,30770870
5639,838612
5640,31211558
5641,34526018
5642,16094507
5643,15703779
5644,883276
5645,869714
5646,29102461
5647,17791288
5648,11992570
5649,5045142
5650,28434037
5651,22440026
5652,2590550
5653,229455
5654,1948110
5655,25668510
5656,18074921
5657,13606619
5658,18888504
5659,13584342
5660,8580683
5661,1114514
5662,18942719
5663,9771730
5664,860389
5665,836784
5666,20417511
5667,21878187
5668,14625150
5669,6508048
5670,29926284
5671,6250058
5672,25891823
5673,31393953
5674,1234051
5675,109241
5676,31552742
5677,355129
5678,18929397
5679,32859885
5680,575667
5681,20430672
5682,151757
5683,27421
5684,31279215
5685,20342676
5686,315211
5687,28946145
5688,13189783
5689,31017824
5690,4228341
5691,13339714
5692,29521445
5693,16005698
5694,9248218
5695,691675
5696,9843527
5697,23550939
5698,15764193
5699,13419480
5700,18955466
5701,171863
5702,138232
5703,1347861
5704,25405603
5705,32182075
5706,28130288
5707,16069062
5708,436457
5709,6024611
5710,13583084
5711,319445
5712,6156837
5713,5982309
5714,2908468
5715,2547417
5716,6984980
5717,776219
5718,6560305
5719,3831482
5720,31206432
5721,3551219
5722,13409763
5723,622261
5724,2920915
5725,2360670
5726,3674554
5727,16143692
5728,17831004
5729,15837769
5730,17794547
5731,10889970
5732,13368060
5733,28188876
5734,29405257
5735,13560337
5736,6071725
5737,12064251
5738,67524
5739,16701925
5740,18627725
5741,133885
5742,25495815
5743,813756
5744,2963452
5745,8257009
5746,9460149
5747,15996355
5748,3529331
5749,2512185
5750,1134285
5751,25027088
5752,410414
5753,13180481
5754,25406508
5755,25276870
5756,36262245
5757,25622868
5758,343508
5759,7877868
5760,1208339
5761,15770114
5762,13135314
5763,873130
5764,15798237
5765,1982532
5766,6184916
5767,775545
5768,9512
5769,24615061
5770,32713191
5771,8145993
5772,25807516
5773,26859679
5774,21071843
5775,948418
5776,233265
5777,20737775
5778,7880481
5779,10096235
5780,1377
5781,34907890
5782,33299868
5783,18665293
5784,18374385
5785,1852928
5786,19059995
5787,18342293
5788,596071
5789,23072217
5790,13500111
5791,32934749
5792,1061415
5793,23305136
5794,351156
5795,413026
5796,6570346
5797,18396395
5798,20729914
5799,25352972
5800,12152165
5801,1058137
5802,254758
5803,15760602
5804,1041479
5805,23341780
5806,25580394
5807,11780916
5808,838060
5809,450794
5810,3019029
5811,25382572
5812,29607103
5813,18110929
5814,34402541
5815,29338893
5816,11293887
5817,1072307
5818,1765791
5819,3277694
5820,12249321
5821,1399006
5822,23509606
5823,15745826
5824,382642
5825,525730
5826,7531375
5827,2285177
5828,27973402
5829,945533
5830,461587
5831,13418466
5832,1297796
5833,3104889
5834,18468255
5835,1571071
5836,25555641
5837,21246531
5838,19280145
5839,36390042
5840,14486355
5841,10594830
5842,20538128
5843,12365602
5844,25682425
5845,22261240
5846,13053374
5847,17678810
5848,1832575
5849,166311
5850,13611005
5851,9321637
5852,22595819
5853,15749807
5854,533642
5855,19659588
5856,2040383
5857,10176532
5858,24852593
5859,809822
5860,309636
5861,25474393
5862,301096
5863,18215664
5864,19832325
5865,30135
5866,778356
5867,7913921
5868,19371236
5869,19016318
5870,21276745
5871,7340486
5872,1057996
5873,17977287
5874,13405214
5875,13507871
5876,7456394
5877,2325770
5878,36417323
5879,7654257
5880,88089
5881,857494
5882,2043889
5883,26826515
5884,20094070
5885,32779
5886,2025605
5887,28940979
5888,11024238
5889,18590709
5890,6550286
5891,17560583
5892,22654562
5893,1056657
5894,259990
5895,5967308
5896,3034303
5897,10054809
5898,30288073
5899,7844453
5900,20468827
5901,236311
5902,28604835
5903,18803428
5904,23900069
5905,15724823
5906,23548222
5907,855304
5908,12300722
5909,25054259
5910,1385118
5911,12364110
5912,491313
5913,8594539
5914,16219235
5915,878893
5916,34209751
5917,30360038
5918,23390964
5919,13610559
5920,1548611
5921,1942653
5922,17411250
5923,10626367
5924,7791462
5925,105470
5926,2150160
5927,17726658
5928,18490581
5929,13185076
5930,1171285
5931,269316
5932,15956891
5933,2947390
5934,15841530
5935,2443140
5936,26029229
5937,12490853
5938,9440551
5939,6674328
5940,1279625
5941,11447744
5942,6491435
5943,5024306
5944,31455205
5945,27273617
5946,475163
5947,2836677
5948,638955
5949,19017083
5950,10886651
5951,8497232
5952,24397150
5953,1518
5954,9303438
5955,1136772
5956,403558
5957,26059495
5958,473814
5959,28503633
5960,8679374
5961,8042970
5962,28002148
5963,24911262
5964,25854563
5965,6324395
5966,21481294
5967,27427
5968,29605250
5969,10538744
5970,1883267
5971,8535824
5972,108030
5973,24483365
5974,22092380
5975,29410075
5976,108037
5977,7240884
5978,10105444
5979,6080672
5980,17874367
5981,19254352
5982,9467711
5983,23202431
5984,32036468
5985,29627893
5986,29621129
5987,11758513
5988,883273
5989,11297243
5990,16094303
5991,8967958
5992,29417303
5993,2925587
5994,26782636
5995,15956805
5996,4862713
5997,29464624
5998,15854217
5999,13445307
6000,21806513
6001,3334942
6002,2561299
6003,6694421
6004,29352790
6005,899835
6006,5636901
6007,21871784
6008,1617883
6009,25026384
6010,10386364
6011,6540340
6012,12194370
6013,10444294
6014,34845544
6015,1608983
6016,15764797
6017,366274
6018,1016693
6019,979343
6020,25353332
6021,24023187
6022,32331497
6023,877720
6024,23647889
6025,18207007
6026,3305484
6027,5483106
6028,6954709
6029,26862417
6030,915220
6031,23588595
6032,13617243
6033,12691408
6034,6515152
6035,6048817
6036,2681976
6037,23232861
6038,661721
6039,10907235
6040,13622406
6041,6730820
6042,22570338
6043,16278110
6044,13338843
6045,23790804
6046,32804
6047,33517595
6048,27829
6049,33233821
6050,21053126
6051,25344763
6052,23474827
6053,21244280
6054,13546632
6055,25586709
6056,30984992
6057,17198429
6058,18806865
6059,11712219
6060,24267695
6061,17190276
6062,12252881
6063,24957348
6064,12402469
6065,20834960
6066,968203
6067,8716408
6068,916705
6069,27063638
6070,2808835
6071,160961
6072,8629538
6073,1444687
6074,18449013
6075,6608430
6076,13732523
6077,35278842
6078,18369685
6079,17980775
6080,504734
6081,21417303
6082,1151059
6083,980731
6084,29474196
6085,3209899
6086,26447
6087,1118181
6088,36274645
6089,883300
6090,2957071
6091,26809975
6092,13633763
6093,24945124
6094,6080474
6095,2077759
6096,545760
6097,35017526
6098,20850802
6099,6439341
6100,17925151
6101,30894158
6102,25883853
6103,25480326
6104,8606991
6105,30147962
6106,28481692
6107,17352595
6108,16101989
6109,915801
6110,15785317
6111,22455170
6112,7270349
6113,858001
6114,6340290
6115,2261316
6116,118259
6117,47175
6118,2972983
6119,27138180
6120,36295400
6121,9536824
6122,704896
6123,18283350
6124,404019
6125,16042544
6126,1051478
6127,8355486
6128,34685408
6129,7953629
6130,29751797
6131,13366673
6132,16280172
6133,3686152
6134,27283753
6135,21529341
6136,20575444
6137,916732
6138,35108669
6139,12239742
6140,26134837
6141,32860503
6142,8337707
6143,12852183
6144,8125472
6145,22909460
6146,957073
6147,17238323
6148,19048092
6149,2584107
6150,1477848
6151,20883542
6152,7453874
6153,16097963
6154,17907443
6155,25572357
6156,25022238
6157,6012228
6158,18371502
6159,6546147
6160,24967750
6161,21100885
6162,25574860
6163,802713
6164,10284355
6165,35008689
6166,6855115
6167,28592625
6168,17795753
6169,2250647
6170,621522
6171,12501986
6172,34666137
6173,159959
6174,34033966
6175,1734394
6176,747051
6177,35530267
6178,22324396
6179,11387949
6180,23642813
6181,240569
6182,7378735
6183,7871090
6184,15732840
6185,21528719
6186,33234297
6187,287165
6188,25809334
6189,20930731
6190,17371255
6191,4223242
6192,272064
6193,17999361
6194,20761282
6195,10993509
6196,349566
6197,34376638
6198,2141706
6199,12254
6200,12884455
6201,6640020
6202,62153
6203,9538225
6204,244
6205,1833603
6206,19439306
6207,16071614
6208,614700
6209,18875477
6210,24431975
6211,10190071
6212,22525697
6213,15853401
6214,12126332
6215,19350
6216,23380194
6217,13459897
6218,14288966
6219,1460613
6220,19057913
6221,14290949
6222,6907648
6223,22470821
6224,18329474
