book_id,book_number
2547,0
2696,1
30119,2
26596,3
406373,4
6767819,5
7014474,6
400412,7
1420,8
30075802,9
12914,10
21956665,11
253264,12
17926612,13
14706,14
1580516,15
1675065,16
1371,17
269321,18
71642,19
11339,20
157985,21
1345111,22
6656,23
763426,24
203220,25
32055439,26
24658528,27
206472,28
86923,29
45974,30
33219228,31
118252,32
1519,33
23476249,34
30118,35
19351,36
26196204,37
868211,38
304957,39
15812153,40
138643,41
821003,42
9894268,43
142080,44
42051,45
17243953,46
151809,47
143505,48
618164,49
1589254,50
313277,51
23705600,52
402128,53
13526139,54
75495,55
312376,56
15997,57
23513349,58
57903,59
34080,60
27494,61
286739,62
71652,63
9455930,64
150221,65
18003300,66
420278,67
13556327,68
13592242,69
42040,70
763508,71
13220873,72
1381,73
23913,74
24945127,75
321538,76
1715,77
160749,78
278316,79
25986827,80
254039,81
271713,82
5657251,83
1015167,84
13368928,85
5936,86
6929661,87
18585282,88
1198415,89
17306783,90
20413,91
131033,92
29934,93
515192,94
22151696,95
395090,96
26114310,97
26603,98
112110,99
6961318,100
23919,101
329519,102
24874352,103
24945396,104
112136,105
53498,106
29059581,107
65345,108
5872480,109
902792,110
13647769,111
48986,112
437517,113
345689,114
138165,115
13530012,116
186493,117
1045492,118
32337403,119
1247393,120
6295,121
676,122
42038,123
269322,124
732562,125
11409124,126
65291,127
519112,128
67376,129
7493149,130
294395,131
11292480,132
1373,133
46199,134
385111,135
132314,136
430400,137
18288210,138
20660824,139
17072298,140
17283532,141
134025,142
790525,143
15848631,144
25241872,145
34518216,146
244885,147
6990156,148
142238,149
34146688,150
108175,151
764332,152
6711397,153
22653495,154
993792,155
392327,156
171547,157
20789464,158
240258,159
8522640,160
128461,161
13588404,162
33186,163
12352685,164
58098,165
782580,166
112138,167
26599,168
95819,169
31931641,170
23466041,171
6352248,172
27822,173
6549,174
12202,175
18669895,176
13061195,177
7745585,178
157687,179
73905,180
121469,181
53022,182
626685,183
17337085,184
24605,185
53492,186
19178,187
23627418,188
39692,189
13606334,190
18222724,191
1193492,192
30745461,193
10047922,194
23780641,195
419865,196
18144035,197
18263725,198
12924640,199
13623923,200
364141,201
342393,202
25330489,203
23163631,204
9507278,205
393636,206
20821284,207
99944,208
99375,209
18369195,210
636231,211
53109,212
20821097,213
464849,214
6897011,215
473557,216
6387626,217
34594982,218
618944,219
18808921,220
11701,221
138134,222
341340,223
5932,224
178911,225
45287,226
70885,227
89220,228
144896,229
175253,230
38154,231
8901945,232
12680575,233
8411631,234
820905,235
1880307,236
32552,237
289818,238
356529,239
1182095,240
389065,241
47730,242
25334576,243
61049,244
29357293,245
269589,246
13330670,247
33004289,248
24874363,249
9683863,250
12818984,251
47164,252
1334617,253
13237099,254
150253,255
20613761,256
97553,257
29431081,258
35606560,259
15848756,260
24471629,261
162904,262
698094,263
17333426,264
20613826,265
16067168,266
195769,267
821455,268
17878767,269
24087074,270
30822615,271
2989432,272
5199274,273
13124956,274
24874450,275
2355014,276
11904233,277
12521887,278
112204,279
141152,280
28818688,281
50453,282
39690,283
4543007,284
394424,285
6923043,286
23346611,287
28822274,288
29996717,289
14553840,290
35490868,291
135913,292
10921,293
22340106,294
385120,295
786699,296
294399,297
332226,298
102331,299
33837404,300
21561039,301
25168753,302
25986808,303
5289,304
10843755,305
13604108,306
65297,307
46292,308
23453211,309
138372,310
28818619,311
28533314,312
235721,313
119226,314
52860,315
75189,316
304485,317
1530799,318
211530,319
294400,320
20175409,321
24874359,322
23534,323
9639765,324
112200,325
106392,326
139786,327
40795,328
333706,329
23434371,330
76889,331
16099190,332
20821239,333
80410,334
27283149,335
747252,336
25384844,337
29936,338
181946,339
4932117,340
17789725,341
2625849,342
33015,343
252779,344
12379467,345
3433301,346
75504,347
13376363,348
867406,349
25877517,350
2262521,351
24874364,352
23210715,353
724371,354
14289386,355
15635,356
341991,357
1100549,358
26031215,359
111879,360
9465016,361
134017,362
51881,363
44830,364
25022248,365
24648426,366
65341,367
405981,368
15797355,369
243393,370
258754,371
152532,372
296866,373
315214,374
333096,375
5931,376
24400,377
6124872,378
29499443,379
23613,380
355148,381
6655,382
367802,383
666993,384
20791090,385
6798263,386
1432,387
671130,388
7234699,389
16192212,390
357581,391
17155772,392
27848776,393
929332,394
25986828,395
23522212,396
398426,397
95874,398
25897953,399
10858542,400
8887842,401
15723753,402
175515,403
12510877,404
118389,405
6514189,406
100793,407
25169442,408
1165103,409
1079359,410
9258089,411
23920,412
13649227,413
10203,414
239234,415
72441,416
17343397,417
72910,418
7757929,419
94578,420
409966,421
1433,422
16005110,423
648018,424
27823,425
385236,426
13105527,427
25332008,428
17934511,429
443769,430
682327,431
47180,432
688081,433
30966688,434
50466,435
467164,436
67377,437
91571,438
846491,439
15747967,440
454742,441
1543,442
6386221,443
13508588,444
203839,445
3656020,446
53111,447
75506,448
6322658,449
265739,450
12964528,451
23333016,452
12018205,453
23577568,454
15792899,455
567796,456
240095,457
29074606,458
58362,459
10206,460
111044,461
3190024,462
25731615,463
18203289,464
49462,465
30087886,466
25144676,467
34082,468
28367423,469
376329,470
12916,471
211151,472
138371,473
21561020,474
7062932,475
18681934,476
1258536,477
128457,478
218858,479
13630903,480
17349137,481
3216467,482
27803255,483
28588033,484
12764721,485
60376,486
1467,487
119239,488
18586895,489
76552,490
197051,491
22221,492
21808019,493
23605007,494
95044,495
6308164,496
129636,497
776220,498
99713,499
17739455,500
624822,501
139783,502
2871746,503
386270,504
3425041,505
24621631,506
10205,507
1846153,508
354935,509
306150,510
30312512,511
20708560,512
24606050,513
138172,514
256324,515
3281425,516
781419,517
33276953,518
22717434,519
1374,520
323298,521
765427,522
22571682,523
52820,524
853924,525
75497,526
2930911,527
150236,528
385028,529
5934,530
25566111,531
25075649,532
361279,533
13324301,534
818420,535
133907,536
410662,537
1713,538
83004,539
128453,540
7041181,541
18500,542
45286,543
150251,544
11043,545
6034272,546
25954951,547
25900087,548
980426,549
49458,550
7940354,551
22204746,552
630593,553
12841067,554
22992,555
29245824,556
12962487,557
61354,558
23154822,559
200567,560
7724205,561
27418,562
9553570,563
6045449,564
9490,565
5232173,566
10445601,567
2183600,568
17194983,569
162900,570
144870,571
19349513,572
22156991,573
46231,574
18526,575
16059376,576
23009523,577
6364068,578
1689292,579
239787,580
379065,581
30227846,582
26014654,583
19230408,584
141453,585
32307768,586
15873076,587
32894545,588
341089,589
22285262,590
239788,591
25159649,592
752800,593
25893604,594
102908,595
20702539,596
2799591,597
12040477,598
26262715,599
90664,600
11535502,601
25690425,602
23841432,603
16803,604
111593,605
4356506,606
13123245,607
25304410,608
139780,609
95870,610
6783360,611
869348,612
34023590,613
882631,614
30989782,615
770591,616
150226,617
91233,618
8175398,619
20483085,620
23912,621
563820,622
9719801,623
23595237,624
23433874,625
195725,626
768496,627
28871313,628
27134570,629
979036,630
209828,631
32294975,632
19360664,633
1154142,634
7964060,635
150222,636
17374318,637
24849837,638
738310,639
203310,640
6192573,641
704880,642
18689968,643
8529291,644
16802,645
936208,646
128136,647
23213841,648
25464039,649
236777,650
21532793,651
5539003,652
1966801,653
337176,654
13544139,655
12687590,656
291,657
15712878,658
286894,659
1470,660
17901066,661
1785217,662
17166008,663
33985186,664
20607655,665
23282006,666
836062,667
99378,668
18611304,669
427278,670
16171274,671
17560327,672
270903,673
25176023,674
14361553,675
39102,676
220063,677
7700731,678
1183392,679
25746714,680
8338974,681
16104640,682
552049,683
7428663,684
16123926,685
12742577,686
10997557,687
30759223,688
998064,689
11297245,690
203922,691
127535,692
558665,693
18406279,694
1136122,695
370522,696
463877,697
6121819,698
17925150,699
8744427,700
2884170,701
82346,702
11872363,703
8141443,704
67939,705
128836,706
240007,707
795390,708
30076169,709
1724365,710
143988,711
148191,712
11707,713
32501551,714
28495754,715
29354537,716
16075147,717
17159513,718
263258,719
3048,720
330135,721
25778603,722
1622170,723
18193678,724
556533,725
33910850,726
6469107,727
1602620,728
12384,729
20246204,730
793918,731
20703097,732
10818096,733
26590830,734
9670742,735
18274899,736
11053838,737
526972,738
16057339,739
22603259,740
17384233,741
13596804,742
53159,743
96259,744
150252,745
409965,746
655781,747
215685,748
79936,749
15701634,750
7961474,751
945817,752
24874339,753
30038016,754
82357,755
26059183,756
56123,757
19152,758
50316,759
10137691,760
23206432,761
1296353,762
18261,763
18081416,764
26205313,765
25082429,766
130402,767
13570785,768
6381969,769
1344192,770
21936830,771
287554,772
761292,773
7139149,774
1376,775
27225178,776
9904,777
47163,778
23678552,779
3348584,780
3210714,781
33905006,782
3966159,783
76546,784
305154,785
4701239,786
414737,787
131946,788
23006193,789
17163037,790
128146,791
1391333,792
743715,793
41495,794
7016285,795
24145173,796
3294996,797
563782,798
13414919,799
245162,800
31339423,801
25410663,802
25555249,803
24601,804
44450,805
50497,806
21873689,807
9571782,808
16570,809
137110,810
67522,811
1756342,812
2646459,813
23368516,814
15852938,815
268005,816
164552,817
10796910,818
25115796,819
1208944,820
23375559,821
16130055,822
691209,823
132873,824
17384369,825
475080,826
30245389,827
32522,828
239236,829
25781887,830
303551,831
18869234,832
29280247,833
26114444,834
7675796,835
16006611,836
201217,837
25764371,838
24874353,839
313972,840
18050043,841
22467621,842
6747970,843
7684213,844
42632,845
2225717,846
385672,847
31443393,848
1006682,849
17937655,850
326552,851
17646,852
29619326,853
1083928,854
31945208,855
13583378,856
75586,857
21927701,858
61204,859
210137,860
275506,861
7999433,862
24892461,863
589608,864
13508406,865
25864029,866
236187,867
11532312,868
29517326,869
17804942,870
11737010,871
141993,872
17707772,873
17374292,874
5945504,875
13366931,876
463000,877
6305291,878
13076893,879
290522,880
10106758,881
29425109,882
30325231,883
753057,884
44067,885
18166919,886
23047624,887
19155,888
14705,889
405329,890
380188,891
146548,892
3775,893
8423074,894
229575,895
33357374,896
15808636,897
119079,898
6300,899
25893597,900
86560,901
24403,902
695865,903
25910659,904
1256206,905
632901,906
2281036,907
353320,908
21901726,909
752712,910
25156636,911
1070056,912
636423,913
150027,914
95894,915
26133576,916
239229,917
617495,918
33667125,919
29533197,920
22599734,921
28482146,922
24800883,923
146429,924
21570367,925
8921641,926
168496,927
531580,928
22618173,929
496443,930
12522,931
574297,932
12378245,933
21945025,934
12909209,935
27246261,936
757383,937
5977679,938
1337117,939
32814,940
28818245,941
22553416,942
4311171,943
31944749,944
197315,945
15760756,946
209835,947
23526332,948
34178645,949
6041223,950
285151,951
21853470,952
10724131,953
250408,954
24874344,955
2078076,956
21413663,957
5325563,958
837557,959
150347,960
286466,961
18079805,962
20659808,963
342068,964
187227,965
561770,966
6478280,967
20565696,968
18212422,969
25665264,970
30039046,971
7042454,972
17857569,973
261242,974
147931,975
18803654,976
2325390,977
10307550,978
292,979
7958806,980
14758733,981
509436,982
47733,983
24808651,984
7273857,985
12044676,986
22593508,987
22543942,988
9021398,989
17229678,990
21814522,991
18080835,992
18364405,993
28159939,994
17675212,995
27233119,996
29640465,997
743913,998
11054461,999
952901,1000
361015,1001
7846923,1002
18334644,1003
18627434,1004
752622,1005
596810,1006
311639,1007
358540,1008
112973,1009
100463,1010
817993,1011
16136805,1012
20219,1013
23640832,1014
37782,1015
1455807,1016
222035,1017
34209456,1018
10250238,1019
875623,1020
6680069,1021
5984208,1022
8763170,1023
150324,1024
15848752,1025
18396853,1026
394695,1027
12907847,1028
647573,1029
261756,1030
327775,1031
112111,1032
378653,1033
159322,1034
13211,1035
1309424,1036
18744759,1037
18304396,1038
2690593,1039
12909244,1040
836269,1041
24551791,1042
2022910,1043
215899,1044
31568867,1045
111750,1046
48987,1047
32649,1048
60964,1049
613618,1050
6138847,1051
9796853,1052
27214172,1053
441200,1054
27245634,1055
12920,1056
868668,1057
19352,1058
368751,1059
29395568,1060
97409,1061
388780,1062
6318217,1063
117336,1064
8747308,1065
702855,1066
18047980,1067
381039,1068
30977379,1069
76547,1070
659345,1071
4442331,1072
15752349,1073
29599121,1074
525138,1075
11212280,1076
6610705,1077
132025,1078
60938,1079
10967391,1080
30117,1081
8036448,1082
25928164,1083
11353674,1084
6282781,1085
19564,1086
6243392,1087
18805616,1088
10493950,1089
2235366,1090
13396,1091
139788,1092
20861038,1093
9768204,1094
16128012,1095
11778691,1096
15745692,1097
44458,1098
21879809,1099
7623958,1100
33374482,1101
34337342,1102
405238,1103
114238,1104
7180284,1105
13511324,1106
779852,1107
9110875,1108
7960968,1109
123847,1110
17996971,1111
12900939,1112
62219,1113
14820809,1114
10046700,1115
543418,1116
16192204,1117
1233859,1118
8431208,1119
27392652,1120
175626,1121
23018253,1122
255452,1123
25451771,1124
11909078,1125
556895,1126
1049694,1127
7173465,1128
64891,1129
3251146,1130
26259335,1131
18369456,1132
454538,1133
1308828,1134
30655942,1135
28428323,1136
819034,1137
10092530,1138
295149,1139
908708,1140
30717170,1141
44053,1142
15826563,1143
323620,1144
117929,1145
609155,1146
536386,1147
101453,1148
18046151,1149
10339809,1150
32855529,1151
15818453,1152
1494,1153
385216,1154
79521,1155
26889441,1156
19173,1157
297589,1158
246617,1159
13236868,1160
18747118,1161
40969,1162
368564,1163
22991,1164
8036442,1165
545252,1166
28503713,1167
2405513,1168
1488392,1169
32065041,1170
29546461,1171
8822290,1172
6345370,1173
6336453,1174
23129884,1175
150274,1176
6270474,1177
35142370,1178
24893051,1179
276692,1180
17334205,1181
19180497,1182
112139,1183
7200280,1184
34725339,1185
2743261,1186
139376,1187
97684,1188
63116,1189
4770925,1190
865350,1191
27272613,1192
21327039,1193
7105015,1194
11861721,1195
1372,1196
8444917,1197
34081,1198
100919,1199
17415200,1200
2140621,1201
203221,1202
25240073,1203
8510752,1204
178965,1205
563286,1206
21395882,1207
428858,1208
11864090,1209
18249429,1210
138200,1211
765418,1212
33215514,1213
20525403,1214
9630712,1215
2245810,1216
25893599,1217
485717,1218
5072912,1219
6013438,1220
7042263,1221
18281911,1222
14707,1223
29599109,1224
34867331,1225
22439991,1226
13215,1227
861453,1228
499933,1229
2834606,1230
25779031,1231
381112,1232
29376835,1233
6419280,1234
1301187,1235
27832,1236
32920231,1237
13159178,1238
28015108,1239
29605369,1240
39773,1241
1703611,1242
919401,1243
17572847,1244
16116459,1245
23308938,1246
10432958,1247
24137295,1248
25572095,1249
8175399,1250
30320055,1251
8213666,1252
709979,1253
20657,1254
175033,1255
17200869,1256
9371035,1257
76928,1258
9441464,1259
405070,1260
17976305,1261
18310191,1262
27158845,1263
483433,1264
443519,1265
348378,1266
403517,1267
462021,1268
7713587,1269
673650,1270
23183,1271
138167,1272
21896450,1273
933481,1274
26877039,1275
17947521,1276
20786868,1277
12568,1278
93933,1279
21852315,1280
4498962,1281
16148707,1282
17803058,1283
104855,1284
24874343,1285
24945175,1286
3295509,1287
488414,1288
17847849,1289
23529805,1290
6249461,1291
1592075,1292
39105,1293
25749684,1294
207546,1295
30173768,1296
118285,1297
18465510,1298
16062216,1299
592210,1300
11212281,1301
30076808,1302
752936,1303
128458,1304
148295,1305
27880343,1306
14343182,1307
213011,1308
154380,1309
11447410,1310
16234590,1311
50469,1312
12381,1313
12379245,1314
17349316,1315
24406,1316
3143972,1317
20881436,1318
6971557,1319
25785298,1320
29102892,1321
235926,1322
16607,1323
262304,1324
26828988,1325
168654,1326
392406,1327
146208,1328
356527,1329
30191367,1330
404897,1331
404928,1332
11053338,1333
24924948,1334
385115,1335
17882307,1336
1037864,1337
18693645,1338
17284027,1339
21522755,1340
92497,1341
24874449,1342
868591,1343
15824233,1344
491156,1345
20949619,1346
35612585,1347
22002138,1348
29845606,1349
10402740,1350
8110323,1351
33905090,1352
933482,1353
419167,1354
31128467,1355
73445,1356
26189176,1357
32148213,1358
18722772,1359
32811,1360
764801,1361
16029970,1362
25305121,1363
930326,1364
239230,1365
17367659,1366
197132,1367
1115694,1368
32334098,1369
5945516,1370
2442582,1371
22930288,1372
26205229,1373
441023,1374
222383,1375
29363266,1376
78458,1377
6270484,1378
29910461,1379
8789052,1380
29767028,1381
325115,1382
22736736,1383
19171,1384
23884913,1385
24711500,1386
23333017,1387
22107707,1388
17265206,1389
180999,1390
7042934,1391
143483,1392
2253778,1393
29502141,1394
1263451,1395
139374,1396
765428,1397
3120276,1398
25593268,1399
8862670,1400
18920892,1401
69460,1402
14910360,1403
63892,1404
2376086,1405
17341579,1406
713690,1407
5989,1408
22554,1409
2026908,1410
508702,1411
1010391,1412
9457848,1413
204903,1414
66414,1415
6130588,1416
280256,1417
194024,1418
382075,1419
6471313,1420
453983,1421
29491487,1422
24874347,1423
32990166,1424
643130,1425
62027,1426
429597,1427
15997621,1428
235719,1429
222617,1430
34815483,1431
3936871,1432
13203,1433
108119,1434
9605240,1435
1481394,1436
220062,1437
717930,1438
404532,1439
14704,1440
337182,1441
2022200,1442
87311,1443
13593239,1444
16257173,1445
32810456,1446
27850426,1447
15798111,1448
6287286,1449
1916555,1450
12039460,1451
1143749,1452
2310219,1453
1339746,1454
8496,1455
640221,1456
842813,1457
116503,1458
17345189,1459
25279722,1460
807765,1461
498487,1462
1370733,1463
72920,1464
274893,1465
67397,1466
17687969,1467
1293670,1468
2963950,1469
7883903,1470
303525,1471
18085335,1472
29621148,1473
197855,1474
19989496,1475
8501534,1476
3231038,1477
253566,1478
23566596,1479
1516,1480
959648,1481
24614908,1482
694807,1483
25009089,1484
125219,1485
575621,1486
17072589,1487
8329847,1488
31197776,1489
501576,1490
33004293,1491
818734,1492
10082832,1493
5974575,1494
31435158,1495
33631747,1496
18051460,1497
20321919,1498
13237218,1499
25124491,1500
20396,1501
189460,1502
342391,1503
765252,1504
5202722,1505
13630985,1506
31944953,1507
9838168,1508
30399137,1509
6003217,1510
1157091,1511
1364969,1512
705652,1513
34376890,1514
7894139,1515
203170,1516
792712,1517
935013,1518
515188,1519
574289,1520
355870,1521
210506,1522
10955061,1523
25043026,1524
8323625,1525
3621608,1526
200758,1527
404891,1528
864050,1529
17657730,1530
12973927,1531
7091797,1532
17406596,1533
20644234,1534
28164406,1535
1383882,1536
428945,1537
24912478,1538
6322080,1539
128398,1540
1215303,1541
1249187,1542
7838324,1543
16247575,1544
57628,1545
14289427,1546
32780,1547
725805,1548
118247,1549
578588,1550
22855469,1551
13421249,1552
13592222,1553
19163,1554
35489040,1555
6747271,1556
16197019,1557
25946457,1558
35648151,1559
17028227,1560
2187502,1561
33246653,1562
18522,1563
185076,1564
8763096,1565
87048,1566
17262298,1567
199787,1568
7049261,1569
15778840,1570
11480960,1571
1934248,1572
1421,1573
26626806,1574
26822253,1575
585494,1576
34467890,1577
7485411,1578
27154273,1579
324891,1580
18267582,1581
962129,1582
12429335,1583
463475,1584
19290,1585
835803,1586
24178192,1587
15840222,1588
17219542,1589
19167576,1590
30840198,1591
27385804,1592
32490610,1593
280470,1594
65350,1595
721013,1596
31580,1597
20763584,1598
197672,1599
774306,1600
15803103,1601
17374352,1602
818133,1603
6487687,1604
30189455,1605
139781,1606
25893609,1607
23211520,1608
251393,1609
33802213,1610
7041523,1611
6853148,1612
425490,1613
24178640,1614
1051406,1615
567758,1616
91001,1617
13447281,1618
17718651,1619
344157,1620
311641,1621
166346,1622
97528,1623
13108400,1624
11995447,1625
175980,1626
3730956,1627
823699,1628
12675105,1629
10328114,1630
66443,1631
92270,1632
7159459,1633
523911,1634
139785,1635
21878188,1636
25158084,1637
25886986,1638
780823,1639
866571,1640
33375618,1641
22053815,1642
385196,1643
18406387,1644
482215,1645
32454310,1646
23492745,1647
539172,1648
676731,1649
1643491,1650
7026285,1651
3280203,1652
22690586,1653
34112148,1654
25801440,1655
14823534,1656
22436782,1657
565323,1658
21354653,1659
408832,1660
30635721,1661
49339,1662
12912,1663
16605,1664
57629,1665
2470643,1666
16241201,1667
32180982,1668
29408010,1669
36180011,1670
31665628,1671
30312876,1672
91441,1673
207276,1674
6363098,1675
157608,1676
49589,1677
18486,1678
17367511,1679
162333,1680
839546,1681
295770,1682
26114416,1683
16807,1684
140286,1685
68845,1686
355167,1687
22464233,1688
236537,1689
25451433,1690
32514,1691
50472,1692
9930356,1693
780534,1694
6851605,1695
18333118,1696
18038341,1697
122094,1698
206511,1699
2172464,1700
847086,1701
9676986,1702
18002764,1703
211516,1704
20447657,1705
22708139,1706
23366732,1707
295160,1708
23482811,1709
13337,1710
1466,1711
2489207,1712
1271612,1713
150341,1714
29503335,1715
581809,1716
30739720,1717
3050,1718
27248135,1719
35090013,1720
685477,1721
24982678,1722
8396429,1723
34845079,1724
17937656,1725
9824557,1726
1387,1727
12014933,1728
26053421,1729
296865,1730
17259794,1731
129898,1732
500613,1733
522128,1734
42045,1735
57632,1736
28399149,1737
99275,1738
683106,1739
27827,1740
28114421,1741
3258,1742
275274,1743
9498,1744
653047,1745
13591798,1746
50486,1747
4293527,1748
30300813,1749
700480,1750
193616,1751
967411,1752
864099,1753
129780,1754
822115,1755
135917,1756
18554592,1757
33166902,1758
29411836,1759
26866079,1760
6265254,1761
766882,1762
32468495,1763
28962809,1764
9992486,1765
15811616,1766
26399935,1767
3167946,1768
418201,1769
24796225,1770
17267106,1771
18994669,1772
378781,1773
437433,1774
260683,1775
15731279,1776
12908947,1777
24874369,1778
29407337,1779
725418,1780
17788340,1781
24783920,1782
27829516,1783
26001450,1784
22931399,1785
15792901,1786
8697044,1787
18338416,1788
25264909,1789
153360,1790
25054934,1791
138164,1792
90672,1793
18196433,1794
474392,1795
607602,1796
8910553,1797
26196287,1798
34335011,1799
155401,1800
24517,1801
8176569,1802
12825846,1803
685656,1804
518691,1805
20981044,1806
16153306,1807
972325,1808
24501994,1809
8961566,1810
53031,1811
8423931,1812
9412141,1813
29425278,1814
74001,1815
691851,1816
148041,1817
416722,1818
109205,1819
1016808,1820
13592223,1821
31411,1822
13018309,1823
203176,1824
150308,1825
7674474,1826
128956,1827
826090,1828
31931981,1829
8433219,1830
13707574,1831
6046731,1832
26597,1833
15711915,1834
32053,1835
3621458,1836
159087,1837
530986,1838
27861803,1839
37804,1840
626693,1841
27877703,1842
531514,1843
1063434,1844
29473883,1845
34688452,1846
32682867,1847
127312,1848
320601,1849
11191294,1850
18209712,1851
16057542,1852
22002089,1853
34224130,1854
1542057,1855
803396,1856
28111691,1857
297065,1858
20211434,1859
1270881,1860
1155237,1861
15852765,1862
29429866,1863
186757,1864
456644,1865
24717023,1866
22873968,1867
1062948,1868
317019,1869
55286,1870
3401950,1871
320598,1872
23393845,1873
34728335,1874
585052,1875
435010,1876
239235,1877
123902,1878
12293616,1879
13618568,1880
10080075,1881
19481814,1882
206633,1883
50456,1884
1681593,1885
17332350,1886
1060351,1887
857392,1888
22701890,1889
26653381,1890
1178412,1891
22450933,1892
10446589,1893
49461,1894
16688430,1895
439008,1896
290,1897
24821743,1898
6719853,1899
27409580,1900
10790104,1901
34092048,1902
16293163,1903
6660901,1904
19545687,1905
6342695,1906
18203288,1907
6533557,1908
22668612,1909
13629592,1910
13572073,1911
10333279,1912
26261510,1913
5090367,1914
209829,1915
25993185,1916
7635212,1917
2113235,1918
902746,1919
16174875,1920
10318202,1921
18406193,1922
17317727,1923
10636878,1924
18295863,1925
3381005,1926
787494,1927
551026,1928
112156,1929
484,1930
15754008,1931
22411628,1932
23000512,1933
166004,1934
759706,1935
32778,1936
17347722,1937
60287,1938
13477592,1939
13423864,1940
13421363,1941
6332170,1942
7687372,1943
507878,1944
30769639,1945
6041230,1946
27254788,1947
16555609,1948
3151893,1949
16041018,1950
235846,1951
9814338,1952
9368050,1953
55427,1954
694535,1955
11315410,1956
20300509,1957
17181915,1958
1275453,1959
1718,1960
5702354,1961
209831,1962
1382,1963
25110743,1964
201222,1965
18406120,1966
6091389,1967
398420,1968
22994,1969
89149,1970
1384,1971
131030,1972
28571865,1973
6276775,1974
5961725,1975
1654487,1976
2331551,1977
20783442,1978
28136049,1979
837021,1980
1401309,1981
26841075,1982
752713,1983
775656,1984
466802,1985
1036552,1986
2314273,1987
1831832,1988
11204059,1989
145325,1990
35198105,1991
29335538,1992
16057536,1993
862930,1994
625162,1995
15762561,1996
25366223,1997
13634016,1998
1377930,1999
18141482,2000
18074722,2001
4569952,2002
189048,2003
7279590,2004
170006,2005
18485642,2006
18936843,2007
71855,2008
139377,2009
32810,2010
1842203,2011
6450884,2012
1297958,2013
18636916,2014
248193,2015
8051436,2016
19288242,2017
647866,2018
11179354,2019
17448329,2020
16199464,2021
13594641,2022
18624794,2023
15999563,2024
30037572,2025
802047,2026
536387,2027
380896,2028
16060805,2029
165077,2030
11046899,2031
13188614,2032
48258,2033
168529,2034
310088,2035
394867,2036
7361969,2037
25700017,2038
29382896,2039
22002134,2040
13166696,2041
22009506,2042
13570508,2043
34904308,2044
8495,2045
19166,2046
1120879,2047
6384340,2048
32064155,2049
7324526,2050
762734,2051
10651914,2052
15756163,2053
16055445,2054
15848763,2055
569284,2056
23167160,2057
33814166,2058
752629,2059
49473,2060
6419933,2061
341810,2062
29418026,2063
18318005,2064
1222263,2065
17829704,2066
403562,2067
765353,2068
245821,2069
752825,2070
15728857,2071
1237210,2072
340866,2073
534045,2074
23268692,2075
27390587,2076
21527681,2077
1430767,2078
26243013,2079
101306,2080
955195,2081
17341519,2082
734827,2083
10400663,2084
162488,2085
951480,2086
17185500,2087
2246677,2088
46759,2089
292059,2090
11058727,2091
11178480,2092
20575422,2093
13180427,2094
10127569,2095
7742706,2096
25318395,2097
13497366,2098
3446535,2099
15741311,2100
17573227,2101
23387628,2102
34530050,2103
37773,2104
29474,2105
23280255,2106
33014804,2107
60316,2108
24809991,2109
16059448,2110
32932532,2111
6619539,2112
1609396,2113
15893652,2114
807644,2115
561731,2116
24554618,2117
25850503,2118
17226418,2119
764330,2120
31296526,2121
154443,2122
32571779,2123
625802,2124
33619831,2125
2403024,2126
23744517,2127
16006617,2128
839520,2129
1356552,2130
22599328,2131
17352796,2132
481516,2133
22581714,2134
1355677,2135
24717410,2136
17675127,2137
15817048,2138
127684,2139
24615208,2140
7196400,2141
782095,2142
26158735,2143
29092772,2144
15793873,2145
50480,2146
6939373,2147
17284889,2148
25370837,2149
482661,2150
30343334,2151
15848780,2152
17819483,2153
1446652,2154
9465133,2155
10326288,2156
35654589,2157
8411147,2158
23350012,2159
428557,2160
31865270,2161
6948314,2162
29465441,2163
67373,2164
23676920,2165
304959,2166
29873311,2167
175630,2168
17667393,2169
13497896,2170
691014,2171
7929177,2172
18278266,2173
20389011,2174
33892400,2175
22880214,2176
7277457,2177
669434,2178
151721,2179
21487547,2180
13793390,2181
1045070,2182
4543268,2183
582544,2184
16163245,2185
15774610,2186
315992,2187
16113245,2188
848296,2189
18405178,2190
15946622,2191
32186794,2192
3198720,2193
8087895,2194
625216,2195
32057973,2196
23494039,2197
22789293,2198
13601067,2199
2999071,2200
30354567,2201
704933,2202
4703,2203
605581,2204
12752885,2205
21440668,2206
118391,2207
13391347,2208
32485744,2209
723368,2210
1229884,2211
130405,2212
10189945,2213
460634,2214
5742023,2215
203206,2216
52479,2217
151719,2218
28491054,2219
14797474,2220
137130,2221
7725615,2222
7624994,2223
28456279,2224
1762878,2225
1591440,2226
567662,2227
3036567,2228
18002361,2229
3005341,2230
27843249,2231
25853022,2232
7536916,2233
236185,2234
31259568,2235
5040181,2236
18709798,2237
75864,2238
2209332,2239
15747634,2240
18940912,2241
26804249,2242
20696439,2243
17183181,2244
25869,2245
3666871,2246
13330760,2247
13231141,2248
519494,2249
17346780,2250
5974455,2251
11096902,2252
3426175,2253
25886768,2254
268426,2255
131672,2256
20813530,2257
18524260,2258
2137373,2259
6065768,2260
6620736,2261
24917965,2262
226909,2263
1580749,2264
6089021,2265
147021,2266
13625979,2267
586475,2268
15828846,2269
8863068,2270
4787999,2271
16038678,2272
131067,2273
17156213,2274
582102,2275
386358,2276
18070767,2277
50683,2278
6716831,2279
22850556,2280
21911024,2281
2713,2282
25258251,2283
120724,2284
9763619,2285
6639509,2286
849382,2287
6615741,2288
18040653,2289
17264077,2290
21893566,2291
705810,2292
89338,2293
201711,2294
28695434,2295
6280481,2296
677030,2297
2345765,2298
9762127,2299
558664,2300
11619,2301
1200763,2302
98471,2303
3396801,2304
24874329,2305
801560,2306
10429980,2307
3768,2308
29065015,2309
2662486,2310
155242,2311
392500,2312
400018,2313
18625143,2314
20827392,2315
3223473,2316
572762,2317
44540,2318
16004,2319
271918,2320
6640177,2321
6515163,2322
16299791,2323
403455,2324
1548395,2325
18517764,2326
30201495,2327
32566407,2328
861939,2329
179631,2330
34385,2331
807742,2332
6255510,2333
29960886,2334
352284,2335
654464,2336
2817254,2337
63113,2338
25494504,2339
13449293,2340
954450,2341
598596,2342
23732540,2343
17201042,2344
275101,2345
20908148,2346
211586,2347
150238,2348
13501469,2349
33245396,2350
8249177,2351
1315468,2352
28388043,2353
1388192,2354
1465,2355
26121708,2356
708035,2357
4574110,2358
22366412,2359
8146988,2360
151717,2361
15728230,2362
15651,2363
17734517,2364
29773753,2365
96052,2366
472443,2367
7928877,2368
24874319,2369
21489040,2370
22609030,2371
320512,2372
614988,2373
351904,2374
617007,2375
518424,2376
6290235,2377
8339684,2378
13335441,2379
6340,2380
16088418,2381
2712429,2382
246056,2383
1283683,2384
4345523,2385
807713,2386
16059163,2387
9913131,2388
6340985,2389
6704764,2390
25142733,2391
10425250,2392
1155358,2393
26095364,2394
427706,2395
325961,2396
2802078,2397
30353202,2398
141628,2399
50482,2400
1614684,2401
19107118,2402
29796466,2403
18260295,2404
206547,2405
97517,2406
21844630,2407
949011,2408
19083451,2409
15739123,2410
250801,2411
24846539,2412
5965913,2413
24919844,2414
7056513,2415
13500979,2416
30968235,2417
17312482,2418
28665185,2419
82362,2420
25458018,2421
25074158,2422
3144291,2423
6367153,2424
7724705,2425
16292474,2426
2963679,2427
698479,2428
2573863,2429
6238672,2430
8919080,2431
25571099,2432
35673154,2433
448899,2434
13450365,2435
21480987,2436
130548,2437
17665744,2438
20702577,2439
17316750,2440
7181336,2441
8487489,2442
3110320,2443
17262122,2444
46289,2445
12549060,2446
175030,2447
8433169,2448
77457,2449
248437,2450
15803109,2451
17280145,2452
18528290,2453
6381960,2454
17426527,2455
17345882,2456
226946,2457
18406242,2458
27225434,2459
21414991,2460
12900518,2461
655782,2462
12730807,2463
1595454,2464
2191406,2465
25210062,2466
11626820,2467
1357157,2468
30167794,2469
257047,2470
32328399,2471
7714245,2472
6667507,2473
18081251,2474
320600,2475
3380974,2476
573346,2477
6554908,2478
1040423,2479
879989,2480
27417,2481
85745,2482
34593113,2483
15812157,2484
29771799,2485
31373709,2486
2714688,2487
21120772,2488
1511380,2489
9967670,2490
29093222,2491
9987466,2492
5635,2493
286806,2494
18007993,2495
17575287,2496
80413,2497
17286969,2498
16100779,2499
791639,2500
33538,2501
24278928,2502
20708745,2503
3554681,2504
16645619,2505
6318498,2506
32767794,2507
13650566,2508
762619,2509
6616989,2510
32619522,2511
32932539,2512
10346768,2513
668953,2514
163167,2515
32070,2516
18528280,2517
23492641,2518
23492069,2519
5501213,2520
22979582,2521
19318140,2522
692785,2523
16133824,2524
21528952,2525
783893,2526
703599,2527
1548785,2528
476374,2529
11118075,2530
385580,2531
12085850,2532
73449,2533
23006281,2534
864286,2535
1463316,2536
303527,2537
423755,2538
508192,2539
30167551,2540
581621,2541
1615164,2542
22047662,2543
23129928,2544
10955086,2545
18244782,2546
160645,2547
625224,2548
1351048,2549
547530,2550
1463,2551
6593983,2552
13228207,2553
31217900,2554
1678307,2555
6256955,2556
5196927,2557
29872928,2558
838612,2559
891729,2560
97384,2561
31211558,2562
27219698,2563
10521668,2564
611542,2565
8432056,2566
16014,2567
16094507,2568
8511573,2569
31944691,2570
10979541,2571
883276,2572
25647256,2573
12400716,2574
78503,2575
6580847,2576
25320232,2577
13418133,2578
7852484,2579
24804101,2580
17201062,2581
17337383,2582
27825,2583
467183,2584
23281997,2585
13482796,2586
418298,2587
36262212,2588
220686,2589
18763709,2590
22729673,2591
17287056,2592
24925181,2593
794246,2594
4083007,2595
10910426,2596
884067,2597
1453846,2598
7798892,2599
20262977,2600
17904575,2601
34451544,2602
13626005,2603
1136458,2604
15713496,2605
18627405,2606
773277,2607
201129,2608
25668510,2609
26091440,2610
21856215,2611
770430,2612
6434034,2613
16157123,2614
15804709,2615
535430,2616
16157935,2617
574901,2618
683018,2619
33564741,2620
22493809,2621
13584342,2622
8580683,2623
10090630,2624
25490270,2625
258352,2626
16928,2627
31019828,2628
17867274,2629
9994817,2630
18159867,2631
10517337,2632
23176162,2633
16155189,2634
31835606,2635
15818859,2636
5489189,2637
25448131,2638
1120231,2639
267760,2640
18131012,2641
24530966,2642
833091,2643
31582,2644
816830,2645
23529997,2646
540576,2647
26805430,2648
131036,2649
5823029,2650
17794505,2651
6508048,2652
393923,2653
30303794,2654
6672996,2655
206632,2656
1366132,2657
592213,2658
25170708,2659
6348382,2660
24920551,2661
7117829,2662
18147627,2663
31393953,2664
18282897,2665
947771,2666
29902553,2667
889140,2668
95844,2669
32565348,2670
542796,2671
578288,2672
6344588,2673
23497828,2674
778612,2675
770388,2676
2625554,2677
18929397,2678
18490595,2679
8595728,2680
30129,2681
2830097,2682
29502614,2683
23510851,2684
23001929,2685
9870010,2686
1121132,2687
16115639,2688
10698523,2689
14435335,2690
27421,2691
382729,2692
6691772,2693
1515019,2694
35760350,2695
375277,2696
19545854,2697
25100138,2698
13581799,2699
30976473,2700
539477,2701
25074335,2702
7543947,2703
995852,2704
2091729,2705
90796,2706
1653853,2707
5086081,2708
23242462,2709
27836766,2710
23433203,2711
112137,2712
6493451,2713
3128710,2714
6014497,2715
28171168,2716
22891735,2717
1191781,2718
13144870,2719
12680881,2720
35018821,2721
511035,2722
9841743,2723
6435720,2724
429567,2725
15722609,2726
1608547,2727
25349205,2728
16111983,2729
662005,2730
32595185,2731
34602428,2732
17287061,2733
20504590,2734
36126998,2735
1000746,2736
14058995,2737
17204884,2738
1294049,2739
25405603,2740
35455511,2741
1736210,2742
138163,2743
7094453,2744
28004889,2745
80992,2746
25005662,2747
138168,2748
31214009,2749
17564598,2750
7083492,2751
6739737,2752
13099965,2753
20971423,2754
24242738,2755
436457,2756
26889783,2757
1142060,2758
6941014,2759
1521,2760
31804602,2761
8869363,2762
531139,2763
3474056,2764
140036,2765
16057628,2766
6100917,2767
104714,2768
1783909,2769
13493398,2770
670257,2771
9708234,2772
6631343,2773
15947418,2774
12317086,2775
20763601,2776
6868663,2777
90820,2778
44456,2779
17465127,2780
86891,2781
13043056,2782
12906786,2783
15764183,2784
25407311,2785
22802696,2786
404041,2787
6560305,2788
35919520,2789
3831482,2790
187434,2791
47160,2792
24357321,2793
15816125,2794
72912,2795
404520,2796
25861010,2797
3621509,2798
110243,2799
729221,2800
1255021,2801
20665183,2802
33258761,2803
41468,2804
10788015,2805
6698061,2806
5835627,2807
6401762,2808
22892956,2809
29104125,2810
1329652,2811
29433369,2812
13426301,2813
408703,2814
18142723,2815
507868,2816
29472884,2817
6001358,2818
18144783,2819
18747818,2820
1662881,2821
5585994,2822
405369,2823
13423041,2824
1609023,2825
553832,2826
7076196,2827
273230,2828
25651405,2829
1140515,2830
399951,2831
34014635,2832
22608141,2833
6071725,2834
10041732,2835
588553,2836
175251,2837
17569045,2838
18627725,2839
376277,2840
301210,2841
92208,2842
10402730,2843
229455,2844
9460149,2845
44181,2846
15831852,2847
28967315,2848
18318643,2849
23129858,2850
1948110,2851
2103974,2852
318678,2853
807501,2854
15714901,2855
547531,2856
23626788,2857
237704,2858
2356093,2859
11727369,2860
1513622,2861
10198803,2862
13626297,2863
131670,2864
35668923,2865
23398721,2866
16134828,2867
13180481,2868
17287058,2869
380192,2870
1275397,2871
1294050,2872
108165,2873
959649,2874
6453022,2875
15814501,2876
201735,2877
1400756,2878
23215762,2879
358513,2880
17699123,2881
42213,2882
13581625,2883
700479,2884
2679481,2885
36203806,2886
6693346,2887
116004,2888
31017824,2889
22929729,2890
3383624,2891
148154,2892
24854376,2893
17455916,2894
21941814,2895
343508,2896
7920492,2897
23342530,2898
24178722,2899
108114,2900
8071978,2901
20564294,2902
26850255,2903
16005,2904
29520285,2905
32280505,2906
22909597,2907
17884115,2908
251502,2909
2988487,2910
1425317,2911
11278297,2912
939259,2913
13166604,2914
28789479,2915
13374897,2916
35108792,2917
10747530,2918
22882522,2919
17729625,2920
31700746,2921
9688875,2922
18406119,2923
32920232,2924
34127816,2925
1094640,2926
319445,2927
428265,2928
197698,2929
23281870,2930
13102119,2931
16244379,2932
22017603,2933
24615061,2934
23006031,2935
33377428,2936
781754,2937
8145993,2938
2337989,2939
33138050,2940
17655804,2941
45036,2942
6012314,2943
24826357,2944
17155096,2945
5639819,2946
17336836,2947
11233128,2948
23385833,2949
9670245,2950
35661045,2951
11379998,2952
20737775,2953
13415572,2954
620722,2955
186678,2956
21864469,2957
11043255,2958
18872843,2959
3412234,2960
21419559,2961
8058187,2962
1243677,2963
7487230,2964
159146,2965
1938356,2966
17121979,2967
152531,2968
301676,2969
17795694,2970
34437038,2971
32025374,2972
17349274,2973
8338914,2974
10210119,2975
1852928,2976
34742460,2977
2148234,2978
1552464,2979
16598973,2980
148832,2981
405082,2982
644158,2983
318001,2984
23072217,2985
7744163,2986
13724117,2987
13390249,2988
474892,2989
247319,2990
2135214,2991
23605008,2992
28967313,2993
21944535,2994
20661,2995
23368517,2996
597113,2997
1061415,2998
845352,2999
1131612,3000
25225873,3001
18445037,3002
22365388,3003
289,3004
1554721,3005
3217807,3006
278702,3007
1093245,3008
6033493,3009
759914,3010
203180,3011
22025587,3012
18250388,3013
99437,3014
1882718,3015
1529891,3016
974563,3017
16004701,3018
23485581,3019
13586848,3020
7436455,3021
752756,3022
1463049,3023
414797,3024
1067926,3025
1760436,3026
7784295,3027
15808308,3028
14062374,3029
6523549,3030
8717024,3031
21492092,3032
138375,3033
4243984,3034
27800,3035
510831,3036
18114690,3037
1594333,3038
1058137,3039
488844,3040
31330788,3041
16365934,3042
1297872,3043
25810699,3044
671933,3045
1405,3046
50479,3047
18906488,3048
32500637,3049
244888,3050
9774868,3051
25846870,3052
10496292,3053
24765707,3054
25580394,3055
9627996,3056
5711337,3057
29405257,3058
22567158,3059
60275,3060
5722939,3061
21972578,3062
11081746,3063
7506039,3064
206527,3065
519047,3066
28188156,3067
17268281,3068
32558,3069
11162453,3070
9028798,3071
5966818,3072
18879056,3073
25382572,3074
1890574,3075
17205297,3076
18110929,3077
6984980,3078
21814518,3079
23129933,3080
74104,3081
18757195,3082
120408,3083
585520,3084
25704997,3085
18372131,3086
6698250,3087
27498,3088
25404442,3089
7987492,3090
26047380,3091
849693,3092
3161277,3093
728862,3094
818211,3095
18681307,3096
31935807,3097
10663397,3098
375182,3099
6915887,3100
12229268,3101
18601359,3102
28644638,3103
21863827,3104
313516,3105
18300362,3106
147923,3107
857449,3108
72911,3109
544371,3110
13419480,3111
9977464,3112
344134,3113
308977,3114
3331453,3115
217970,3116
11344321,3117
3416417,3118
28405937,3119
23529466,3120
274700,3121
13419089,3122
33169254,3123
30735230,3124
15751328,3125
18810433,3126
5918,3127
33187,3128
899071,3129
6406379,3130
404890,3131
15745826,3132
409219,3133
6272393,3134
8125919,3135
34837005,3136
709960,3137
20403863,3138
13447368,3139
131675,3140
25466323,3141
25055716,3142
20322007,3143
3743168,3144
6681250,3145
20827470,3146
18723426,3147
556636,3148
25670480,3149
963029,3150
101492,3151
2547417,3152
958900,3153
2324780,3154
24689119,3155
25582218,3156
5981043,3157
2237666,3158
136519,3159
6494556,3160
25368127,3161
1160079,3162
2155662,3163
15758643,3164
874560,3165
18619415,3166
60322,3167
22253716,3168
334503,3169
2841873,3170
34140302,3171
23848148,3172
34998951,3173
13418466,3174
1323028,3175
175345,3176
9905592,3177
22798526,3178
13609187,3179
12960280,3180
26809782,3181
6977848,3182
5572652,3183
3104841,3184
25867752,3185
44871,3186
449173,3187
250810,3188
6392244,3189
8596799,3190
223397,3191
29407888,3192
9512,3193
28441735,3194
29986324,3195
25322085,3196
2038978,3197
3096016,3198
14468086,3199
9713841,3200
13732575,3201
18915215,3202
25005010,3203
6353484,3204
25477771,3205
1058309,3206
7284063,3207
194561,3208
56058,3209
19280145,3210
15612943,3211
619979,3212
13421449,3213
17687503,3214
35227520,3215
11128371,3216
25004284,3217
789551,3218
11388989,3219
35514975,3220
20889229,3221
389661,3222
29235588,3223
6421376,3224
25397752,3225
25923776,3226
8729193,3227
22002088,3228
464926,3229
2208200,3230
404566,3231
25664566,3232
9145925,3233
4148275,3234
6483845,3235
25064827,3236
25682425,3237
424316,3238
13053374,3239
13570789,3240
19106654,3241
53024,3242
13647986,3243
744105,3244
125447,3245
13445135,3246
17605537,3247
28455405,3248
26068847,3249
9814533,3250
9321637,3251
22550722,3252
7016278,3253
98940,3254
2536104,3255
65338,3256
669593,3257
1234049,3258
11099009,3259
22816610,3260
15749807,3261
12691022,3262
533642,3263
10425463,3264
32859885,3265
18623855,3266
10176532,3267
27826,3268
1377,3269
11175934,3270
10075702,3271
1906219,3272
936211,3273
10345759,3274
25489206,3275
18554820,3276
6934283,3277
4458448,3278
28818805,3279
4162562,3280
6944899,3281
133885,3282
15821841,3283
4837243,3284
203181,3285
321580,3286
9941367,3287
609526,3288
13012720,3289
512093,3290
1296288,3291
18215664,3292
7232384,3293
265568,3294
26196185,3295
13591832,3296
27994035,3297
17973345,3298
382613,3299
2056538,3300
1762801,3301
25420487,3302
2340556,3303
1339745,3304
26502495,3305
19446029,3306
2706,3307
25348227,3308
353450,3309
931569,3310
10083157,3311
7329672,3312
494220,3313
1074186,3314
2867744,3315
47168,3316
778356,3317
29378583,3318
25776014,3319
360912,3320
461571,3321
31847833,3322
16249683,3323
49930,3324
34907890,3325
13504517,3326
23668465,3327
7960189,3328
4904713,3329
13545425,3330
1684654,3331
688701,3332
2242925,3333
19076608,3334
1160501,3335
26310384,3336
7920493,3337
5978800,3338
247350,3339
6361575,3340
23359384,3341
12004516,3342
203162,3343
23015378,3344
13415519,3345
31765507,3346
1057996,3347
40790,3348
17412144,3349
284887,3350
6335957,3351
49457,3352
6611575,3353
385119,3354
17977287,3355
18005167,3356
1262916,3357
372655,3358
34055,3359
219019,3360
376501,3361
161911,3362
1117139,3363
18243789,3364
1707015,3365
36188318,3366
258387,3367
27207519,3368
765577,3369
2325770,3370
36417323,3371
7654257,3372
143482,3373
596071,3374
32502140,3375
32965321,3376
24769928,3377
17158995,3378
9641218,3379
13517285,3380
28645638,3381
15807807,3382
7456394,3383
538842,3384
12189593,3385
271717,3386
2569588,3387
310883,3388
14435387,3389
6718034,3390
44541,3391
643329,3392
23701388,3393
18955466,3394
9238578,3395
6011964,3396
16038520,3397
16644052,3398
398175,3399
7989665,3400
28434037,3401
6356101,3402
23624784,3403
20322241,3404
1445568,3405
198714,3406
16031911,3407
12250,3408
18045640,3409
17987673,3410
6950690,3411
29967399,3412
6999049,3413
18336582,3414
6698401,3415
25311290,3416
1056657,3417
4621514,3418
12048225,3419
13435175,3420
607614,3421
18213292,3422
33984037,3423
828465,3424
13630937,3425
15834621,3426
5967308,3427
767058,3428
30027,3429
6296263,3430
7616853,3431
672602,3432
578374,3433
227306,3434
1304364,3435
22139800,3436
3507059,3437
17334995,3438
28946145,3439
18192177,3440
17262248,3441
2084237,3442
25549412,3443
30051159,3444
21918964,3445
12673735,3446
16211539,3447
7844453,3448
20880924,3449
29456649,3450
21792841,3451
29505113,3452
1055873,3453
6473543,3454
21814519,3455
1362643,3456
436605,3457
28604835,3458
203918,3459
1599258,3460
35489043,3461
30423283,3462
35783117,3463
6254746,3464
28460536,3465
1400117,3466
8691537,3467
1374389,3468
74105,3469
851079,3470
634432,3471
21950742,3472
1717409,3473
33506923,3474
3368620,3475
6266128,3476
24957214,3477
20312076,3478
7340791,3479
30535,3480
1166119,3481
891267,3482
1175414,3483
16180680,3484
10116108,3485
424468,3486
7252014,3487
25880995,3488
26699923,3489
2766597,3490
24958335,3491
18459455,3492
20786834,3493
771216,3494
29633854,3495
2048702,3496
17934375,3497
27039561,3498
6621160,3499
13191593,3500
821277,3501
86562,3502
5919825,3503
23398580,3504
23548222,3505
15800883,3506
536058,3507
17449471,3508
385279,3509
7326142,3510
23926,3511
32056138,3512
449483,3513
8679315,3514
23509606,3515
8594539,3516
12637975,3517
207917,3518
17341613,3519
6884590,3520
368736,3521
31692511,3522
8145113,3523
953066,3524
797885,3525
23305547,3526
3998688,3527
129781,3528
32484,3529
410415,3530
13482952,3531
17448302,3532
15770114,3533
29086329,3534
9805296,3535
878893,3536
320233,3537
948485,3538
99942,3539
34209751,3540
21567698,3541
10746571,3542
13627197,3543
23785,3544
650774,3545
704934,3546
17374300,3547
316502,3548
2592047,3549
86922,3550
18620881,3551
1548611,3552
18955582,3553
19227281,3554
410808,3555
24499563,3556
715127,3557
10887069,3558
1100491,3559
14486355,3560
6341307,3561
30318061,3562
25602621,3563
17666264,3564
9837625,3565
23478558,3566
860389,3567
166311,3568
127071,3569
14553489,3570
27037155,3571
16192206,3572
892491,3573
821245,3574
23717107,3575
5918716,3576
25444,3577
404098,3578
172847,3579
11680310,3580
25876269,3581
23942309,3582
4216656,3583
367899,3584
500616,3585
5956635,3586
19385139,3587
863932,3588
29422904,3589
24657844,3590
7444767,3591
961025,3592
34534390,3593
30047022,3594
716946,3595
7920491,3596
112142,3597
16604,3598
8055677,3599
4479,3600
6165676,3601
8462385,3602
216671,3603
32613432,3604
32555,3605
460853,3606
198968,3607
28818794,3608
208051,3609
981109,3610
18049715,3611
24751896,3612
20839571,3613
184196,3614
12643883,3615
16721442,3616
75191,3617
18231519,3618
34763634,3619
9127008,3620
6899308,3621
516650,3622
17726658,3623
32802221,3624
21527802,3625
399920,3626
1010033,3627
225755,3628
11055140,3629
3775266,3630
1892251,3631
352003,3632
16050561,3633
312421,3634
19381084,3635
20795111,3636
1196132,3637
840287,3638
9851811,3639
765311,3640
6351794,3641
4752663,3642
22040744,3643
29778028,3644
16249566,3645
1563667,3646
1214055,3647
24851539,3648
17279983,3649
7647334,3650
971253,3651
75190,3652
25689066,3653
33860362,3654
2562399,3655
5196300,3656
765277,3657
27804908,3658
143498,3659
529976,3660
1171285,3661
34662737,3662
29435601,3663
9692675,3664
13562651,3665
35704999,3666
7531375,3667
1807940,3668
3347848,3669
35132873,3670
18503,3671
25330368,3672
31125204,3673
12413793,3674
12614883,3675
895432,3676
778428,3677
34526018,3678
33630723,3679
6861000,3680
6673000,3681
971700,3682
648052,3683
25352972,3684
26001310,3685
25883776,3686
1264282,3687
25854187,3688
12365602,3689
13631845,3690
109997,3691
1254577,3692
18942719,3693
36122873,3694
33965049,3695
17433295,3696
22698692,3697
2094678,3698
12679441,3699
21219304,3700
28383615,3701
20313726,3702
11410181,3703
50553,3704
689189,3705
138171,3706
252923,3707
525115,3708
25054228,3709
22376796,3710
5935,3711
13185076,3712
1225416,3713
7030700,3714
6324818,3715
9795479,3716
6455756,3717
17934648,3718
841116,3719
29213011,3720
18745337,3721
9223696,3722
24796932,3723
441024,3724
6422604,3725
13591873,3726
166801,3727
8726220,3728
29737292,3729
7053730,3730
831591,3731
403197,3732
3339338,3733
6916302,3734
30115970,3735
10656992,3736
17171535,3737
18809919,3738
6005963,3739
3357033,3740
4354189,3741
1222286,3742
7023353,3743
1402046,3744
2228563,3745
18369719,3746
3127280,3747
660664,3748
6990114,3749
320515,3750
20759123,3751
30340,3752
2907216,3753
27484648,3754
6293934,3755
42210,3756
17575149,3757
3485185,3758
31697135,3759
6540706,3760
519349,3761
23012853,3762
1703791,3763
33955643,3764
25109487,3765
1239200,3766
19475496,3767
13400543,3768
6392297,3769
25941070,3770
162866,3771
30264577,3772
6411224,3773
440924,3774
3191893,3775
28188876,3776
855304,3777
30518198,3778
175878,3779
2029835,3780
3240545,3781
6066258,3782
32182208,3783
80994,3784
18754830,3785
25135369,3786
29245213,3787
15831785,3788
23848797,3789
4332433,3790
907470,3791
17729612,3792
159973,3793
23355623,3794
32022188,3795
800163,3796
30104969,3797
6014783,3798
1019742,3799
6333916,3800
147925,3801
13596477,3802
17847090,3803
23460877,3804
12988752,3805
25164326,3806
26196111,3807
395270,3808
19360726,3809
851234,3810
6185311,3811
38153,3812
487262,3813
1250563,3814
440528,3815
1551839,3816
34604945,3817
6751642,3818
332100,3819
20880584,3820
11115582,3821
24097400,3822
18624155,3823
25814007,3824
152139,3825
17221090,3826
461977,3827
12973523,3828
25132457,3829
29407771,3830
10097680,3831
33134032,3832
17618007,3833
925765,3834
305754,3835
6290319,3836
11826882,3837
25276818,3838
9303438,3839
3102925,3840
20411766,3841
22017487,3842
403558,3843
3348680,3844
1087794,3845
18165617,3846
10190153,3847
342067,3848
32779,3849
13505257,3850
28932354,3851
28667880,3852
274779,3853
6561481,3854
3883458,3855
20605349,3856
7714933,3857
811072,3858
6424940,3859
13628363,3860
8908845,3861
15760602,3862
7992783,3863
24314834,3864
1055281,3865
33515558,3866
28503633,3867
34083,3868
350096,3869
13593268,3870
797853,3871
122717,3872
24141569,3873
16286709,3874
25956512,3875
26186794,3876
9719541,3877
211531,3878
3566592,3879
14625150,3880
34504532,3881
35125118,3882
1794028,3883
21341037,3884
1596439,3885
25854563,3886
1031678,3887
6619527,3888
858522,3889
31748042,3890
101479,3891
5998324,3892
1054402,3893
1097984,3894
36350410,3895
13488321,3896
18654387,3897
35236575,3898
1765791,3899
25117667,3900
1239273,3901
7335173,3902
6600993,3903
26866628,3904
18776675,3905
15786832,3906
19045493,3907
30962870,3908
33634407,3909
1321437,3910
2201009,3911
12280971,3912
28923921,3913
3674554,3914
18695507,3915
12997939,3916
1417,3917
825407,3918
7846884,3919
895428,3920
23547425,3921
15705231,3922
11427518,3923
17720,3924
991822,3925
4826307,3926
30770870,3927
22517886,3928
4494031,3929
8297844,3930
6821361,3931
17567297,3932
8775057,3933
162485,3934
33403070,3935
2337737,3936
6593551,3937
1566470,3938
1214540,3939
1883267,3940
8535824,3941
1484419,3942
987802,3943
7132922,3944
704935,3945
12364110,3946
25740315,3947
669947,3948
22662798,3949
12143,3950
6266464,3951
15848737,3952
863216,3953
2361055,3954
225833,3955
7420326,3956
18811429,3957
34381318,3958
415821,3959
26196479,3960
655483,3961
12846495,3962
1355577,3963
17572972,3964
588345,3965
1095734,3966
15851421,3967
18710958,3968
23189221,3969
13189783,3970
49474,3971
30360038,3972
1277199,3973
4443560,3974
19254352,3975
23202431,3976
35498776,3977
16032471,3978
23250284,3979
8008885,3980
16293165,3981
4893531,3982
13592056,3983
28153385,3984
937321,3985
34220790,3986
269677,3987
26016588,3988
21676598,3989
427569,3990
28155931,3991
7244227,3992
1637820,3993
18757485,3994
22616936,3995
4978018,3996
593786,3997
586474,3998
18090332,3999
6619334,4000
17722074,4001
20893306,4002
22852352,4003
29926284,4004
813756,4005
159953,4006
69148,4007
15863145,4008
21528730,4009
1283918,4010
30228086,4011
7063431,4012
13538718,4013
3182968,4014
13409763,4015
11758513,4016
73440,4017
35558384,4018
22595819,4019
11474192,4020
8643278,4021
13564025,4022
899115,4023
21028697,4024
138232,4025
24751761,4026
575548,4027
1269942,4028
30123571,4029
299636,4030
158016,4031
14987933,4032
6011840,4033
34522668,4034
16112117,4035
17616795,4036
23346805,4037
29607103,4038
1720,4039
25550751,4040
30718287,4041
423762,4042
6759595,4043
20888432,4044
3387595,4045
32182023,4046
17465683,4047
727394,4048
721005,4049
25891823,4050
214371,4051
18387116,4052
22814011,4053
1499639,4054
28162772,4055
16200248,4056
34153489,4057
22840676,4058
3245678,4059
915884,4060
25239055,4061
30760832,4062
18665293,4063
211514,4064
20443680,4065
48249,4066
5985259,4067
33134072,4068
1407583,4069
29417303,4070
16082441,4071
171097,4072
1730,4073
20332977,4074
32856795,4075
7895531,4076
29595908,4077
18300254,4078
9862204,4079
99276,4080
3227974,4081
25449957,4082
1277102,4083
9649043,4084
26113689,4085
26782636,4086
2880601,4087
12482896,4088
3693484,4089
28940979,4090
1889090,4091
10994133,4092
6318162,4093
29464624,4094
25838967,4095
15798436,4096
30841274,4097
268423,4098
19067310,4099
661715,4100
1297796,4101
128452,4102
942902,4103
17730900,4104
10573526,4105
2698,4106
749623,4107
33288512,4108
16059348,4109
387811,4110
6218380,4111
5634289,4112
574397,4113
20761653,4114
31122069,4115
9609390,4116
435248,4117
1561466,4118
12963251,4119
19302265,4120
13445307,4121
13222621,4122
5409334,4123
29102461,4124
21806513,4125
17378901,4126
19171176,4127
25132553,4128
28461875,4129
7932607,4130
12269561,4131
338812,4132
623185,4133
28936183,4134
150269,4135
18935740,4136
3721326,4137
19046649,4138
11345575,4139
430352,4140
28002148,4141
12417118,4142
1271501,4143
234886,4144
1189111,4145
874288,4146
1430790,4147
6184916,4148
20611943,4149
8378818,4150
12884814,4151
16057277,4152
20578750,4153
150339,4154
1107064,4155
287155,4156
133913,4157
23247810,4158
29606282,4159
24768320,4160
28589486,4161
10359120,4162
8454689,4163
63117,4164
29352790,4165
8388793,4166
24874286,4167
17831004,4168
16439484,4169
5636901,4170
20520995,4171
3254253,4172
12403227,4173
249075,4174
6738795,4175
6385488,4176
784027,4177
1617883,4178
3977273,4179
24942140,4180
10386364,4181
17075628,4182
21975760,4183
8438036,4184
20821025,4185
24917012,4186
15980337,4187
403506,4188
18309679,4189
18336230,4190
3027336,4191
17465609,4192
25869488,4193
1208339,4194
8356236,4195
18079606,4196
27911632,4197
5924914,4198
26565818,4199
39108,4200
2089060,4201
1337053,4202
10444294,4203
8763495,4204
8517930,4205
6366548,4206
17853697,4207
8497232,4208
1504664,4209
879287,4210
26493930,4211
2839369,4212
1142106,4213
1251991,4214
846490,4215
16059644,4216
682673,4217
413386,4218
258111,4219
17188796,4220
25353332,4221
6715347,4222
14930801,4223
13039329,4224
24023187,4225
8310335,4226
10128394,4227
32331497,4228
266463,4229
17349032,4230
185723,4231
10626367,4232
23630890,4233
18006825,4234
6294151,4235
18207007,4236
2150160,4237
25998663,4238
1840718,4239
16162608,4240
35115554,4241
2077761,4242
7481634,4243
19059995,4244
1751569,4245
6345361,4246
26862417,4247
30849348,4248
1385118,4249
5738,4250
30640172,4251
732603,4252
32182062,4253
25534128,4254
25248510,4255
13592224,4256
15956284,4257
6235348,4258
29613633,4259
1755629,4260
36282926,4261
31930117,4262
16166468,4263
12691408,4264
34014630,4265
29410075,4266
23006537,4267
6515152,4268
2836677,4269
922089,4270
6315642,4271
3522065,4272
8329844,4273
80412,4274
6352731,4275
16275087,4276
2681976,4277
22921105,4278
3104881,4279
6134973,4280
1332090,4281
32863993,4282
20168578,4283
21190514,4284
28100758,4285
23232861,4286
1253620,4287
775545,4288
661721,4289
21686303,4290
1525,4291
29084617,4292
13572380,4293
1236193,4294
271456,4295
23562487,4296
16284339,4297
26027825,4298
795951,4299
23619352,4300
1190660,4301
549348,4302
1157181,4303
1100545,4304
1796,4305
23365853,4306
16098155,4307
682355,4308
31192357,4309
26770170,4310
7293039,4311
10907235,4312
24945345,4313
18266828,4314
548774,4315
31936149,4316
2235500,4317
21792868,4318
15768072,4319
7510578,4320
23873444,4321
1623901,4322
25865314,4323
13558836,4324
16278110,4325
23472128,4326
6559818,4327
25771168,4328
1171252,4329
18331009,4330
25512218,4331
16108915,4332
3089188,4333
1110268,4334
7955660,4335
23790804,4336
29369702,4337
713288,4338
12450145,4339
3971094,4340
935006,4341
17797845,4342
31342596,4343
32804,4344
1298321,4345
28094325,4346
765370,4347
31428174,4348
64277,4349
6694675,4350
25132849,4351
600265,4352
29570479,4353
6482040,4354
2578163,4355
23249646,4356
23390964,4357
3237413,4358
15760629,4359
15850751,4360
17934603,4361
33517595,4362
21998412,4363
2642195,4364
20109273,4365
2764176,4366
21510254,4367
3699607,4368
150352,4369
12057406,4370
22820955,4371
3548480,4372
13368966,4373
26867235,4374
18248713,4375
21896434,4376
21053126,4377
15956891,4378
26101553,4379
12918,4380
25936240,4381
28449204,4382
13129387,4383
1474997,4384
1440008,4385
9786697,4386
25895416,4387
14762057,4388
745350,4389
25774975,4390
881145,4391
18186565,4392
204245,4393
21038168,4394
18222832,4395
6139102,4396
13530069,4397
15724823,4398
20468827,4399
1217941,4400
7011507,4401
125210,4402
171123,4403
21535633,4404
1035695,4405
461587,4406
6326508,4407
2314901,4408
6320213,4409
8462369,4410
2015003,4411
8317890,4412
25206063,4413
30984992,4414
26052120,4415
586729,4416
17198429,4417
854665,4418
403546,4419
12213788,4420
11398103,4421
1056526,4422
13487011,4423
567698,4424
9771730,4425
1744237,4426
25881494,4427
764257,4428
108687,4429
1374868,4430
22461445,4431
28930977,4432
18282993,4433
12252881,4434
26117854,4435
30847438,4436
12402469,4437
13339714,4438
406359,4439
33219800,4440
18795971,4441
25539446,4442
19832325,4443
197131,4444
13509983,4445
1221739,4446
2725890,4447
34726646,4448
5971680,4449
8077005,4450
13447246,4451
21400448,4452
1274740,4453
6238647,4454
2236114,4455
299671,4456
15720029,4457
18172302,4458
18134452,4459
1100562,4460
17707754,4461
19620877,4462
1188511,4463
562694,4464
1856017,4465
8716408,4466
21359110,4467
171863,4468
1651102,4469
11852653,4470
31017314,4471
160961,4472
4997259,4473
1152996,4474
18813253,4475
13548792,4476
2125776,4477
1556022,4478
257578,4479
15764193,4480
15003694,4481
15958676,4482
211515,4483
18528291,4484
32964,4485
1220015,4486
16069062,4487
385614,4488
18722451,4489
6866377,4490
17707771,4491
970817,4492
34866356,4493
655153,4494
82345,4495
11712219,4496
7455174,4497
17347726,4498
27869991,4499
25245965,4500
35609625,4501
17885234,4502
269926,4503
32960014,4504
16310115,4505
6782699,4506
1992003,4507
25915454,4508
586012,4509
3277694,4510
43937,4511
8213685,4512
13582736,4513
1538360,4514
6647680,4515
25026384,4516
9367505,4517
2078239,4518
595659,4519
433858,4520
10584710,4521
2353701,4522
34379,4523
1256548,4524
281904,4525
6473473,4526
31373735,4527
30530977,4528
418054,4529
7913921,4530
218958,4531
21814523,4532
3780035,4533
2878019,4534
2512185,4535
6090678,4536
25810335,4537
10056663,4538
6224515,4539
11616,4540
7119203,4541
33134055,4542
5721208,4543
31279215,4544
18621496,4545
7183544,4546
7240884,4547
17929092,4548
13616953,4549
36310,4550
1406608,4551
208470,4552
11708141,4553
35663570,4554
28818800,4555
21894918,4556
13732523,4557
134021,4558
18054770,4559
475163,4560
2652056,4561
11561867,4562
211228,4563
17465789,4564
341489,4565
29387388,4566
7292419,4567
24245914,4568
17401740,4569
28009802,4570
2285177,4571
395099,4572
6412826,4573
21878187,4574
13610559,4575
2590601,4576
7567023,4577
29966140,4578
29065952,4579
22714811,4580
16088613,4581
34253376,4582
1006672,4583
23198296,4584
396007,4585
15698376,4586
17791288,4587
1140174,4588
29386178,4589
23256987,4590
915220,4591
16466460,4592
28571813,4593
6223326,4594
525730,4595
7714676,4596
19537542,4597
23493883,4598
235730,4599
30283501,4600
23418602,4601
2770767,4602
22895415,4603
15764797,4604
10440011,4605
9821280,4606
328739,4607
2268592,4608
6422978,4609
6570346,4610
3034303,4611
6156837,4612
34371087,4613
3198358,4614
863937,4615
980731,4616
26059475,4617
18112826,4618
30840109,4619
15749152,4620
22472859,4621
6485880,4622
105224,4623
458120,4624
26447,4625
18767220,4626
17887340,4627
25526702,4628
23887164,4629
33393991,4630
31552742,4631
6748612,4632
6954709,4633
15810681,4634
26859679,4635
1377423,4636
34846043,4637
1133833,4638
21481294,4639
3234369,4640
904327,4641
16158075,4642
6269844,4643
236101,4644
27238310,4645
423618,4646
7702350,4647
7261067,4648
6543546,4649
17212399,4650
11282501,4651
25302300,4652
25352976,4653
312637,4654
35159101,4655
30374054,4656
2352846,4657
1783512,4658
12630005,4659
1378,4660
12249321,4661
26808598,4662
1240911,4663
6298,4664
3619123,4665
267198,4666
7507214,4667
6192894,4668
6047855,4669
355129,4670
22031476,4671
28930241,4672
16071739,4673
15924966,4674
6057883,4675
8303201,4676
16103027,4677
12812801,4678
27871240,4679
1155724,4680
9440551,4681
16082777,4682
1762584,4683
13748222,4684
240260,4685
35063256,4686
1118181,4687
2236805,4688
27178026,4689
29564608,4690
11406578,4691
18342293,4692
13452311,4693
9712627,4694
13338843,4695
16280465,4696
12152165,4697
9763867,4698
6080474,4699
758409,4700
17219583,4701
25074847,4702
315211,4703
24043727,4704
20850802,4705
33259384,4706
21799919,4707
26199802,4708
24735427,4709
20660041,4710
1286848,4711
916419,4712
3338701,4713
20538128,4714
17819707,4715
6439341,4716
13548399,4717
559493,4718
6782333,4719
259990,4720
23303427,4721
2991625,4722
32615714,4723
23311519,4724
17925151,4725
12394466,4726
34885446,4727
24724766,4728
17381491,4729
6427884,4730
6750964,4731
18857589,4732
35738258,4733
9314660,4734
17404032,4735
18619523,4736
26012587,4737
35892390,4738
26809975,4739
22253712,4740
29924756,4741
13392178,4742
20321940,4743
1134285,4744
27790688,4745
559473,4746
25883853,4747
21310547,4748
2270425,4749
973485,4750
15703779,4751
6520987,4752
831071,4753
437362,4754
757375,4755
13368060,4756
7880481,4757
27063638,4758
7469036,4759
8134893,4760
18803054,4761
37064,4762
13574344,4763
689255,4764
6648592,4765
18888504,4766
8606991,4767
15755376,4768
1160002,4769
9367454,4770
18900030,4771
1377427,4772
152128,4773
30147962,4774
1247509,4775
327636,4776
869714,4777
2154163,4778
10167743,4779
6609895,4780
1798234,4781
29055635,4782
67524,4783
9637790,4784
6139999,4785
15739722,4786
530924,4787
28779618,4788
2727030,4789
3104889,4790
6791895,4791
22998762,4792
17831095,4793
1339744,4794
5079059,4795
7248483,4796
25276870,4797
13324889,4798
25881268,4799
16091790,4800
1530,4801
1887522,4802
15736187,4803
35224002,4804
3551219,4805
9747606,4806
31945058,4807
11992570,4808
3983245,4809
25807516,4810
21462165,4811
35140962,4812
15785317,4813
35550217,4814
26047695,4815
24945147,4816
8967958,4817
507276,4818
6870367,4819
29285732,4820
1152991,4821
20738843,4822
22455170,4823
26596767,4824
3702630,4825
86749,4826
25054259,4827
13595971,4828
746244,4829
10889970,4830
80417,4831
486085,4832
18604924,4833
1727325,4834
292800,4835
23488607,4836
18752078,4837
6356507,4838
19011197,4839
7270349,4840
18338504,4841
6008,4842
25134759,4843
22891212,4844
1541561,4845
13625346,4846
8161232,4847
7937668,4848
1575531,4849
33893426,4850
150026,4851
7131023,4852
22440026,4853
622906,4854
8104728,4855
11555196,4856
32022147,4857
294393,4858
13607042,4859
32969792,4860
6340290,4861
10594830,4862
5857851,4863
947352,4864
342038,4865
16123301,4866
23128928,4867
22753656,4868
1279625,4869
233852,4870
25906961,4871
25404578,4872
26059425,4873
18377200,4874
9248218,4875
25223427,4876
11081687,4877
29474196,4878
11520384,4879
13506387,4880
25583344,4881
11937290,4882
21422875,4883
2625142,4884
29072516,4885
6324395,4886
24156455,4887
22400275,4888
39763,4889
34228239,4890
18746100,4891
15996355,4892
11638999,4893
25142427,4894
2972983,4895
10105444,4896
10217121,4897
32034034,4898
270961,4899
6899099,4900
509673,4901
23440113,4902
351156,4903
126980,4904
27138180,4905
692607,4906
21931107,4907
3280210,4908
18336590,4909
12490853,4910
184459,4911
27829,4912
25406508,4913
10155392,4914
13436183,4915
11745239,4916
6080672,4917
7877868,4918
5982309,4919
9485761,4920
29246652,4921
22822468,4922
35921170,4923
1156848,4924
18307865,4925
25800009,4926
29519613,4927
17405224,4928
704896,4929
562695,4930
25524079,4931
23341780,4932
30617882,4933
26080730,4934
1056470,4935
28798927,4936
385112,4937
8598142,4938
838060,4939
883273,4940
23497000,4941
857494,4942
16278158,4943
12782877,4944
27181295,4945
6021444,4946
17162967,4947
8381810,4948
12844160,4949
11398198,4950
372394,4951
25878898,4952
18045234,4953
1609475,4954
13425104,4955
979343,4956
1051478,4957
11297243,4958
473814,4959
23685695,4960
23635465,4961
18623861,4962
83275,4963
34685408,4964
7953629,4965
19463823,4966
21455541,4967
17469790,4968
1164283,4969
29751797,4970
27824036,4971
1524722,4972
1422623,4973
25396865,4974
546254,4975
20417511,4976
16052915,4977
1063570,4978
237509,4979
526075,4980
16069128,4981
411227,4982
920131,4983
3686152,4984
28481694,4985
23120191,4986
16157936,4987
14357481,4988
13578497,4989
3960608,4990
10150808,4991
968203,4992
758615,4993
24911262,4994
6435705,4995
1914284,4996
16076607,4997
29918325,4998
20329032,4999
175621,5000
31348271,5001
23660773,5002
2045086,5003
1347861,5004
30350481,5005
29091259,5006
1257507,5007
25022960,5008
1031938,5009
16006671,5010
7195161,5011
19204,5012
2497687,5013
10387612,5014
24351894,5015
92258,5016
33806286,5017
20465433,5018
14624416,5019
189036,5020
1647487,5021
24404,5022
632463,5023
20629254,5024
17186498,5025
17307681,5026
625140,5027
10354773,5028
15849830,5029
2717390,5030
3237379,5031
9326568,5032
25495815,5033
17906042,5034
6468841,5035
7824078,5036
7970804,5037
785375,5038
12755822,5039
29570442,5040
25459516,5041
31424,5042
620712,5043
22092380,5044
3159062,5045
2702,5046
9755631,5047
22295730,5048
11491351,5049
2574861,5050
23361450,5051
631575,5052
23474764,5053
10843754,5054
13348701,5055
28195306,5056
85806,5057
25195556,5058
31192076,5059
6550286,5060
16044000,5061
7320328,5062
17805212,5063
18714691,5064
2849211,5065
22384061,5066
22729654,5067
10472473,5068
148038,5069
111889,5070
21535619,5071
35014002,5072
24968246,5073
591534,5074
17372359,5075
10312444,5076
26530340,5077
13812164,5078
204351,5079
8582644,5080
25268167,5081
1894481,5082
10494282,5083
12852183,5084
16275887,5085
117310,5086
99281,5087
2804149,5088
369234,5089
1026806,5090
13575032,5091
11518032,5092
27273617,5093
22909460,5094
108037,5095
379771,5096
10955246,5097
11784452,5098
18074921,5099
8113299,5100
32041560,5101
558663,5102
957073,5103
19199,5104
7785617,5105
2043889,5106
1387194,5107
12559800,5108
7013502,5109
20808013,5110
1306322,5111
27419944,5112
25866504,5113
16162618,5114
3135355,5115
6284804,5116
26134837,5117
13605539,5118
15816661,5119
5469889,5120
17980775,5121
19048092,5122
12670926,5123
31918240,5124
256693,5125
17380059,5126
12291423,5127
26046499,5128
563638,5129
25927627,5130
18715284,5131
23798650,5132
14305953,5133
166351,5134
34303968,5135
463500,5136
12428159,5137
17726051,5138
3102876,5139
162519,5140
700510,5141
441323,5142
19006391,5143
1299495,5144
25003123,5145
31455205,5146
16380263,5147
1571071,5148
1136772,5149
675244,5150
19045757,5151
916732,5152
392328,5153
1328775,5154
34440082,5155
16005698,5156
267754,5157
36262245,5158
16057127,5159
4116500,5160
23154932,5161
18403536,5162
17228236,5163
13563920,5164
15798237,5165
17413244,5166
30213033,5167
13607828,5168
15886249,5169
13598539,5170
17927499,5171
4698,5172
20883542,5173
22823177,5174
23658245,5175
7058943,5176
7453874,5177
236183,5178
26339520,5179
19016318,5180
171807,5181
398180,5182
13237166,5183
20602986,5184
116924,5185
34372505,5186
30842377,5187
6346306,5188
24945124,5189
20662512,5190
10604650,5191
1255101,5192
25841655,5193
899835,5194
22752745,5195
6693409,5196
19346392,5197
2468675,5198
522369,5199
846492,5200
2091416,5201
21529341,5202
23567513,5203
4862713,5204
17907443,5205
161972,5206
29223203,5207
18197822,5208
3209899,5209
491313,5210
5760565,5211
25572357,5212
18484348,5213
22879863,5214
6924804,5215
1673805,5216
29521445,5217
28239366,5218
13519197,5219
17284669,5220
4350945,5221
810481,5222
22718651,5223
274941,5224
8629538,5225
13605083,5226
13141294,5227
29333211,5228
6360282,5229
24852593,5230
13417818,5231
44866,5232
31934665,5233
17558751,5234
1584162,5235
1467931,5236
28524605,5237
7853621,5238
35081563,5239
6316848,5240
444116,5241
32713191,5242
17411250,5243
8257009,5244
18468255,5245
24483365,5246
11415730,5247
6986237,5248
6477684,5249
17470377,5250
24887291,5251
17934997,5252
7938518,5253
13546632,5254
6329037,5255
7340486,5256
1181351,5257
6457058,5258
13098807,5259
16701925,5260
9740798,5261
287656,5262
34002094,5263
12400023,5264
25344763,5265
17992865,5266
13509974,5267
871622,5268
33098315,5269
27181422,5270
752697,5271
25323340,5272
17242231,5273
5279026,5274
12574643,5275
5344840,5276
11031566,5277
3612415,5278
20937910,5279
19084312,5280
1824344,5281
24967750,5282
25723307,5283
6048817,5284
16691897,5285
7680671,5286
8175374,5287
36286613,5288
23474470,5289
6582571,5290
1041355,5291
837994,5292
7481552,5293
6476567,5294
6279905,5295
33233821,5296
16180884,5297
11123008,5298
18666472,5299
17738638,5300
27134543,5301
10368290,5302
208963,5303
1248352,5304
34208314,5305
23579995,5306
17206176,5307
31312593,5308
22772399,5309
2669076,5310
23375673,5311
1302034,5312
197838,5313
30278847,5314
30134,5315
1021548,5316
18751905,5317
10529050,5318
19535642,5319
11293887,5320
10369594,5321
802713,5322
1267146,5323
21923457,5324
916705,5325
12456868,5326
18777925,5327
5483106,5328
35991559,5329
35521268,5330
147151,5331
1168336,5332
23574171,5333
5024306,5334
823162,5335
388239,5336
563287,5337
20808817,5338
1009078,5339
10372340,5340
18072522,5341
10054809,5342
28599002,5343
6694421,5344
2585640,5345
10097427,5346
10803973,5347
22570338,5348
20412413,5349
1764814,5350
949373,5351
1329426,5352
10300464,5353
28592625,5354
18115097,5355
34503747,5356
6728513,5357
31848410,5358
636860,5359
7720159,5360
841102,5361
19659588,5362
23213170,5363
25555641,5364
6352715,5365
665267,5366
2089902,5367
6596802,5368
26039802,5369
9843527,5370
7535467,5371
7724418,5372
1832575,5373
269316,5374
18777480,5375
25549092,5376
11100970,5377
13591359,5378
341992,5379
11833119,5380
6540340,5381
6067342,5382
18338557,5383
31930136,5384
25117221,5385
20342676,5386
1534830,5387
732112,5388
13622406,5389
29236226,5390
12540584,5391
35008689,5392
18080012,5393
27774437,5394
25507898,5395
7224172,5396
17693382,5397
9800541,5398
34114202,5399
7114329,5400
35017526,5401
25735567,5402
12868912,5403
17976968,5404
5321230,5405
10267181,5406
820445,5407
6454595,5408
18658637,5409
297225,5410
25822656,5411
3421803,5412
17609461,5413
6059693,5414
2829413,5415
18064392,5416
5045142,5417
3431571,5418
1753817,5419
11024238,5420
33405074,5421
6500650,5422
6444189,5423
27422,5424
915801,5425
10096235,5426
13503891,5427
22260245,5428
977715,5429
7543019,5430
29338893,5431
34522228,5432
179066,5433
894870,5434
7487563,5435
314928,5436
29621129,5437
34726636,5438
34150787,5439
15722149,5440
17910294,5441
1376644,5442
6906445,5443
5085110,5444
2577187,5445
27881180,5446
1625144,5447
1032137,5448
1077142,5449
94769,5450
780052,5451
10745299,5452
2669705,5453
18332546,5454
20663737,5455
12528879,5456
776219,5457
13226395,5458
16095126,5459
25523748,5460
52932,5461
10646081,5462
11475033,5463
19186357,5464
22440024,5465
13572514,5466
8610941,5467
1107036,5468
2175684,5469
19891697,5470
1804247,5471
13457244,5472
25622868,5473
809822,5474
36064351,5475
3423003,5476
19045487,5477
676169,5478
737847,5479
22755604,5480
17352595,5481
25564823,5482
29520182,5483
545760,5484
11780916,5485
367916,5486
8445368,5487
5778585,5488
10189960,5489
1041483,5490
948418,5491
2040383,5492
15707212,5493
17166676,5494
15712183,5495
43939,5496
17190276,5497
25474393,5498
3305484,5499
35659309,5500
17616784,5501
16059653,5502
233265,5503
21276745,5504
22324396,5505
20661906,5506
109241,5507
6546147,5508
10281634,5509
31279689,5510
25352630,5511
15792077,5512
4609054,5513
10480725,5514
700758,5515
6855115,5516
17341569,5517
18999733,5518
1982532,5519
11117531,5520
11387949,5521
6626635,5522
29868871,5523
250787,5524
1716136,5525
20418519,5526
27739255,5527
6100460,5528
34402541,5529
1264178,5530
13284755,5531
6408193,5532
32720792,5533
16040073,5534
17377749,5535
691675,5536
23000393,5537
22709286,5538
6654316,5539
10005646,5540
1734394,5541
7614383,5542
1123219,5543
1980938,5544
1518,5545
23441067,5546
10386021,5547
233264,5548
10306810,5549
90673,5550
17343764,5551
10200029,5552
18056467,5553
6216370,5554
25482172,5555
4331517,5556
16248602,5557
7747143,5558
17571628,5559
2558234,5560
8036478,5561
13578320,5562
1477848,5563
805424,5564
430789,5565
7378735,5566
10538744,5567
1522015,5568
11872561,5569
687459,5570
10896181,5571
7755398,5572
13555399,5573
13512066,5574
30288073,5575
6130928,5576
443839,5577
16887701,5578
11447744,5579
8679374,5580
27246068,5581
3385152,5582
17982965,5583
25574860,5584
17861349,5585
7631683,5586
10269723,5587
7823070,5588
6006335,5589
32889703,5590
15817819,5591
9144837,5592
13647960,5593
366274,5594
1697784,5595
478089,5596
19061910,5597
2925587,5598
26876565,5599
21246531,5600
25583973,5601
1948943,5602
32184634,5603
13497726,5604
33848593,5605
1707992,5606
2908468,5607
13560337,5608
7871090,5609
1166559,5610
27116564,5611
30892989,5612
836784,5613
34033966,5614
2947390,5615
16109887,5616
964427,5617
27313363,5618
20898714,5619
14964979,5620
27420,5621
450796,5622
254758,5623
17660096,5624
27398274,5625
12919996,5626
24443008,5627
3383567,5628
25809334,5629
15805962,5630
17851829,5631
2425465,5632
1364705,5633
20514383,5634
101505,5635
31206432,5636
13494041,5637
236184,5638
8042970,5639
29941151,5640
34380259,5641
20930731,5642
2590550,5643
17371255,5644
17697192,5645
2844471,5646
21100885,5647
18373975,5648
9749542,5649
17790353,5650
21240831,5651
1049695,5652
17999361,5653
21971379,5654
29936760,5655
31823123,5656
1318451,5657
30288067,5658
21471389,5659
6413975,5660
24673836,5661
34396069,5662
5492746,5663
2443140,5664
32860503,5665
1395399,5666
23651901,5667
15775042,5668
26826515,5669
8286201,5670
33917578,5671
118259,5672
18047013,5673
3331554,5674
26186432,5675
96067,5676
26099198,5677
12100674,5678
10993509,5679
2920915,5680
1540978,5681
22760866,5682
25904767,5683
36295400,5684
5757689,5685
15732840,5686
15784791,5687
25852659,5688
15816687,5689
13452060,5690
9468607,5691
13580225,5692
1483359,5693
1271413,5694
18170217,5695
26112643,5696
981103,5697
15807811,5698
17221882,5699
15837769,5700
27973402,5701
35278842,5702
3337839,5703
6024611,5704
883300,5705
16097963,5706
25931921,5707
6269818,5708
13572406,5709
17261650,5710
10380771,5711
12389184,5712
5644949,5713
12983529,5714
27154814,5715
6192910,5716
23464815,5717
23312221,5718
251121,5719
27828728,5720
1824620,5721
16059647,5722
22354100,5723
6597278,5724
1525980,5725
15835958,5726
3123992,5727
30894158,5728
1270067,5729
1975990,5730
859592,5731
30072542,5732
2963452,5733
16157855,5734
13633763,5735
17262168,5736
28923793,5737
13507871,5738
6962729,5739
13617243,5740
17238323,5741
621522,5742
10291974,5743
2141706,5744
12239742,5745
21875846,5746
21038945,5747
1054276,5748
1114514,5749
24018642,5750
630740,5751
24863734,5752
1216232,5753
15722356,5754
244938,5755
20094070,5756
21417303,5757
30725223,5758
3019029,5759
11150649,5760
873130,5761
17794547,5762
12199467,5763
17464910,5764
26037209,5765
30423410,5766
6723496,5767
17569383,5768
23478578,5769
29936741,5770
36056758,5771
13366673,5772
16057080,5773
504734,5774
10307146,5775
1886758,5776
13508677,5777
8337707,5778
2929257,5779
18854147,5780
2250647,5781
922651,5782
6778475,5783
6671287,5784
949542,5785
18517865,5786
117287,5787
29627893,5788
718330,5789
450794,5790
22654562,5791
2426124,5792
6469349,5793
13135314,5794
2349153,5795
309636,5796
25257651,5797
10382276,5798
6640020,5799
1041479,5800
9538225,5801
20723806,5802
13565888,5803
32486900,5804
3262029,5805
622261,5806
25480326,5807
17560583,5808
21071843,5809
294567,5810
15992617,5811
10284355,5812
874604,5813
2783380,5814
13418546,5815
1439616,5816
17678810,5817
1717527,5818
18283350,5819
18601484,5820
21404125,5821
6702355,5822
279610,5823
33117798,5824
135221,5825
272064,5826
642967,5827
32814910,5828
429943,5829
7392352,5830
1833603,5831
24397150,5832
652273,5833
6310449,5834
6077453,5835
13583084,5836
19439306,5837
10886651,5838
1192590,5839
54111,5840
13502239,5841
354559,5842
7795071,5843
1399006,5844
1114089,5845
8559595,5846
4002774,5847
23647889,5848
2261316,5849
18138218,5850
2957071,5851
1956256,5852
16071614,5853
18708362,5854
21891017,5855
1505484,5856
2509339,5857
15804706,5858
25919034,5859
11162881,5860
24198759,5861
6314111,5862
3275214,5863
35126185,5864
7813712,5865
349566,5866
26017496,5867
16158578,5868
24983131,5869
6391915,5870
12194370,5871
1700591,5872
12986904,5873
739108,5874
21814524,5875
9729947,5876
28053794,5877
13592061,5878
22638830,5879
6608430,5880
18449013,5881
17910175,5882
31358270,5883
1864052,5884
18160675,5885
108030,5886
9828871,5887
28130288,5888
236311,5889
47175,5890
27427,5891
18374385,5892
16290068,5893
24053531,5894
6215655,5895
19352680,5896
5973523,5897
26007703,5898
26177768,5899
18875477,5900
24431975,5901
997949,5902
16670056,5903
13506771,5904
15956805,5905
27237770,5906
151757,5907
26059495,5908
29363268,5909
72917,5910
23172242,5911
23509822,5912
20761282,5913
1143722,5914
12254,5915
2139676,5916
4228341,5917
1170020,5918
36390042,5919
35161926,5920
410414,5921
573063,5922
30063131,5923
4341252,5924
13597442,5925
6001257,5926
747051,5927
945533,5928
1739549,5929
17795753,5930
6625822,5931
20430672,5932
17574832,5933
2077759,5934
33898658,5935
32036468,5936
244,5937
25599599,5938
35080325,5939
5279894,5940
33005843,5941
30135,5942
13555224,5943
15738398,5944
22525697,5945
23642813,5946
17909941,5947
1370987,5948
8355486,5949
6662393,5950
12300722,5951
12126332,5952
18586412,5953
9321349,5954
23983225,5955
19919743,5956
28481692,5957
17214309,5958
21244280,5959
18396395,5960
17252421,5961
15777397,5962
1016693,5963
902233,5964
23148608,5965
2702338,5966
29359617,5967
1258534,5968
25027088,5969
13555791,5970
31328109,5971
240569,5972
287165,5973
682744,5974
25364499,5975
3405951,5976
29777150,5977
34209683,5978
6672710,5979
877720,5980
11618771,5981
13559546,5982
17705075,5983
23474827,5984
21891971,5985
62153,5986
12064251,5987
35108669,5988
25296114,5989
26953388,5990
10181821,5991
1225083,5992
15841530,5993
274515,5994
320516,5995
33950809,5996
19546150,5997
575667,5998
2250717,5999
16700063,6000
21903567,6001
10190071,6002
681995,6003
20651418,6004
5300801,6005
16073271,6006
20233353,6007
18806865,6008
229572,6009
20729914,6010
4016482,6011
1939116,6012
1608983,6013
3816153,6014
2575773,6015
7812408,6016
23550939,6017
13646907,6018
18330270,6019
18369685,6020
35214009,6021
8125472,6022
34872017,6023
2599816,6024
13514948,6025
1615256,6026
8043992,6027
1072307,6028
1234051,6029
33299868,6030
3346253,6031
22730484,6032
29544841,6033
88089,6034
19350,6035
858001,6036
20575444,6037
19052726,6038
23305136,6039
24735418,6040
13611005,6041
13459897,6042
14288966,6043
16094303,6044
17874367,6045
1026029,6046
7491257,6047
16280172,6048
28936166,6049
32182075,6050
15709237,6051
1545230,6052
713833,6053
6730820,6054
13564156,6055
3334942,6056
1444687,6057
1869115,6058
6674328,6059
13166697,6060
16566506,6061
460199,6062
297441,6063
9515483,6064
35530267,6065
2584107,6066
18490581,6067
1460613,6068
1942653,6069
15718345,6070
4028729,6071
6250058,6072
31395779,6073
6491435,6074
15722464,6075
16219235,6076
36153320,6077
6791061,6078
2387954,6079
25586709,6080
404019,6081
33399676,6082
955041,6083
2360670,6084
21871784,6085
18051581,6086
19371236,6087
301096,6088
28672738,6089
4531679,6090
19057913,6091
24267695,6092
15777047,6093
6192911,6094
18076886,6095
1856010,6096
13153514,6097
6640210,6098
7791462,6099
23900069,6100
6558794,6101
6012228,6102
4588055,6103
17608811,6104
10317948,6105
381231,6106
23588595,6107
871377,6108
14290856,6109
16098483,6110
10852529,6111
22754134,6112
2561299,6113
124774,6114
13594577,6115
518704,6116
36270857,6117
17265871,6118
13405214,6119
29605250,6120
19254681,6121
19212490,6122
17341615,6123
26029229,6124
638955,6125
25546681,6126
34845544,6127
4223242,6128
16113949,6129
18397452,6130
3261124,6131
9467711,6132
23374371,6133
16143692,6134
13618606,6135
421012,6136
25948787,6137
2808835,6138
15853401,6139
29922214,6140
36274645,6141
32874975,6142
29853326,6143
19092013,6144
3529331,6145
18376943,6146
1167192,6147
32616231,6148
11280893,6149
1059705,6150
16101989,6151
5966,6152
7598967,6153
34376638,6154
1151059,6155
22261240,6156
15854217,6157
18590709,6158
29348314,6159
23375328,6160
188809,6161
27392659,6162
27283753,6163
614700,6164
28385945,6165
2025605,6166
15954068,6167
6612826,6168
7456575,6169
23261177,6170
17824924,6171
23380194,6172
28926132,6173
105470,6174
14290949,6175
15783379,6176
34666137,6177
23075718,6178
29910492,6179
27391555,6180
9536824,6181
26047556,6182
13648769,6183
10422505,6184
874369,6185
10030199,6186
413026,6187
11914820,6188
6907648,6189
11942002,6190
734749,6191
26169957,6192
29151748,6193
13500111,6194
6266689,6195
24957348,6196
18192937,6197
13606619,6198
20834960,6199
18803428,6200
18456874,6201
21946216,6202
6651931,6203
12501986,6204
26070328,6205
12763254,6206
19756366,6207
11160738,6208
16042544,6209
10533692,6210
21528719,6211
159959,6212
7995245,6213
12884455,6214
22470821,6215
25022238,6216
33234297,6217
18371502,6218
13544588,6219
382642,6220
237611,6221
18329474,6222
32934749,6223
19017083,6224
